Year,Flights flown,On time,"Scheduled block, route panel","Actual block, route panel"
2015,5714008,0.81388913,143.86057,138.8950447
2016,5538145,0.8258913409,144.4313922,139.1253405
2017,5579409,0.8154870883,145.2546767,139.9876832
2018,7070844,0.8087754446,145.6241054,140.614464
2019,7268231,0.8088596799,146.3910137,140.7816739
2020,4399574,0.9018268587,145.489842,137.9442578
2021,5878210,0.8281240378,145.7541008,139.0227354
2022,6532008,0.789223467,145.8143385,139.9653245
2023,6743402,0.7943622522,146.7100627,140.9487721
2024,6965240,0.7918292837,147.5299119,141.9056886
2025,6879483,0.7769255335,148.4993088,143.3190268
2026,4014657,0.7692998431,,
