Carrier,Padding 2015,Padding 2025
American Airlines,19.28354877,21.04357119
Alaska Airlines,14.40439897,23.91882605
JetBlue Airways,17.88149617,24.78503291
Delta Air Lines,19.44903117,20.98551845
ExpressJet Airlines,13.56110677,
Frontier Airlines,14.89702444,26.52307721
Allegiant Air,,16.98582127
Hawaiian Airlines,5.403791693,11.18794646
Envoy Air,14.2501049,18.64134085
Spirit Airlines,14.27415154,21.25534006
PSA Airlines,,21.06835904
SkyWest Airlines,14.38636999,22.51563349
United Airlines,22.54471797,24.73046261
US Airways,16.95735201,
Virgin America,17.44683731,
Southwest Airlines,15.42931164,18.60144086
Republic Airways,,23.76189542
