Carrier,Month,Padding before,Padding after,Step
Endeavor Air,2020-04,20.92000568,13.67394652,-7.246059162
Endeavor Air,2020-08,13.67394652,17.03242083,3.358474305
Endeavor Air,2021-02,17.03242083,20.23646252,3.204041691
Endeavor Air,2021-08,20.23646252,17.40539259,-2.831069928
Endeavor Air,2022-06,17.40539259,19.5555091,2.150116504
Endeavor Air,2023-04,19.5555091,22.27318976,2.717680665
Endeavor Air,2024-01,22.27318976,20.26472153,-2.008468233
American Airlines,2015-04,15.7753533,19.70226124,3.926907935
American Airlines,2015-12,19.70226124,18.09579118,-1.606470059
American Airlines,2016-09,18.09579118,19.41485506,1.319063885
American Airlines,2017-11,19.41485506,21.02913449,1.614279428
American Airlines,2018-09,21.02913449,19.68862552,-1.340508972
American Airlines,2019-06,19.68862552,20.80600006,1.117374545
American Airlines,2020-06,20.80600006,17.53228036,-3.273719701
American Airlines,2020-11,17.53228036,21.19348004,3.661199676
American Airlines,2021-02,21.19348004,23.54026067,2.34678063
American Airlines,2021-05,23.54026067,21.37941015,-2.160850516
American Airlines,2022-02,21.37941015,18.17055841,-3.208851746
American Airlines,2023-05,18.17055841,20.66955844,2.499000039
American Airlines,2024-09,20.66955844,22.15934114,1.4897827
American Airlines,2025-03,22.15934114,20.63186203,-1.527479111
American Airlines,2025-09,20.63186203,22.32522065,1.693358616
American Airlines,2026-02,22.32522065,24.37795954,2.052738894
Alaska Airlines,2015-11,15.64418525,17.25213568,1.607950425
Alaska Airlines,2016-03,17.25213568,15.91277083,-1.339364842
Alaska Airlines,2017-06,15.91277083,18.16303648,2.250265643
Alaska Airlines,2017-12,18.16303648,19.45528719,1.29225071
Alaska Airlines,2018-07,19.45528719,20.65806802,1.202780833
Alaska Airlines,2019-06,20.65806802,22.41560214,1.757534119
Alaska Airlines,2020-06,22.41560214,15.32540268,-7.090199462
Alaska Airlines,2020-10,15.32540268,17.29927645,1.973873773
Alaska Airlines,2021-03,17.29927645,19.04831288,1.749036428
Alaska Airlines,2021-06,19.04831288,20.32958384,1.28127096
Alaska Airlines,2023-07,20.32958384,21.75223827,1.422654433
Alaska Airlines,2025-01,20.81913271,22.89539097,2.076258258
Alaska Airlines,2025-08,22.89539097,24.09558373,1.200192759
JetBlue Airways,2016-09,18.41058946,19.69324506,1.282655605
JetBlue Airways,2019-04,20.59994268,22.9001895,2.300246825
JetBlue Airways,2019-10,22.9001895,21.51982015,-1.380369355
JetBlue Airways,2020-05,21.51982015,12.22101009,-9.298810056
JetBlue Airways,2020-09,12.22101009,14.1610398,1.940029708
JetBlue Airways,2020-12,14.1610398,12.15430672,-2.006733077
JetBlue Airways,2021-03,12.15430672,18.86399598,6.709689252
JetBlue Airways,2021-07,18.86399598,20.90662295,2.04262697
JetBlue Airways,2023-01,20.90662295,22.83952311,1.932900169
JetBlue Airways,2024-09,22.83952311,24.41293974,1.573416626
JetBlue Airways,2025-11,24.41293974,22.96907208,-1.443867657
Delta Air Lines,2015-04,19.01205642,20.1847729,1.172716483
Delta Air Lines,2016-04,20.1847729,21.54168181,1.356908904
Delta Air Lines,2018-03,22.43802087,19.67316303,-2.764857841
Delta Air Lines,2018-06,19.67316303,20.78859927,1.115436247
Delta Air Lines,2019-06,20.78859927,19.35668726,-1.431912015
Delta Air Lines,2020-04,19.35668726,11.28871638,-8.067970878
Delta Air Lines,2020-08,11.28871638,12.78444761,1.495731231
Delta Air Lines,2021-01,12.78444761,15.99870939,3.214261774
Delta Air Lines,2021-04,15.99870939,19.39397599,3.395266606
Delta Air Lines,2021-09,19.39397599,17.7942553,-1.599720692
Delta Air Lines,2022-04,17.7942553,19.12894844,1.334693144
Delta Air Lines,2023-03,19.12894844,20.72330167,1.594353229
Delta Air Lines,2026-05,20.72330167,21.94123758,1.21793591
ExpressJet Airlines,2015-06,12.77665788,15.07119765,2.29453977
ExpressJet Airlines,2015-09,15.07119765,13.59052574,-1.480671912
ExpressJet Airlines,2016-01,13.59052574,14.76891803,1.178392294
ExpressJet Airlines,2016-06,14.76891803,17.4889522,2.720034169
ExpressJet Airlines,2016-09,17.4889522,16.18071731,-1.308234888
ExpressJet Airlines,2017-06,16.18071731,17.92747155,1.746754238
ExpressJet Airlines,2017-09,17.92747155,16.25915702,-1.668314534
ExpressJet Airlines,2017-12,16.25915702,17.59872411,1.339567096
ExpressJet Airlines,2018-09,17.59872411,16.12323049,-1.475493625
ExpressJet Airlines,2019-01,16.12323049,17.75324274,1.630012253
ExpressJet Airlines,2019-09,17.75324274,19.46386425,1.710621505
ExpressJet Airlines,2020-06,19.46386425,14.1267004,-5.337163847
Frontier Airlines,2015-09,14.3221113,18.21435588,3.892244577
Frontier Airlines,2016-01,18.21435588,23.07843156,4.864075678
Frontier Airlines,2016-06,23.07843156,19.82419546,-3.254236095
Frontier Airlines,2016-10,19.82419546,22.37097608,2.546780623
Frontier Airlines,2019-02,22.37097608,24.22954789,1.858571805
Frontier Airlines,2020-04,24.22954789,22.3408488,-1.888699087
Frontier Airlines,2020-07,22.3408488,20.06213389,-2.278714911
Frontier Airlines,2021-05,20.06213389,23.40895008,3.346816187
Frontier Airlines,2022-02,23.40895008,21.10133717,-2.30761291
Frontier Airlines,2022-06,21.10133717,23.64376087,2.542423697
Frontier Airlines,2023-10,23.64376087,25.35305621,1.709295344
Frontier Airlines,2024-06,25.35305621,23.82531966,-1.527736546
Frontier Airlines,2025-02,23.82531966,26.06691504,2.241595376
Frontier Airlines,2026-03,26.06691504,27.94252602,1.875610981
Allegiant Air,2018-12,13.55493568,11.59758645,-1.95734923
Allegiant Air,2019-03,11.59758645,13.29623262,1.698646173
Allegiant Air,2019-12,13.29623262,10.88423927,-2.411993344
Allegiant Air,2020-06,10.88423927,12.74921965,1.864980378
Allegiant Air,2020-11,12.74921965,11.22763033,-1.521589318
Allegiant Air,2022-06,11.22763033,13.28108374,2.053453403
Allegiant Air,2023-01,13.28108374,14.83366101,1.552577271
Allegiant Air,2023-11,14.83366101,18.44928037,3.615619362
Allegiant Air,2024-06,18.44928037,16.9671773,-1.482103075
Allegiant Air,2024-12,16.9671773,18.6982549,1.731077599
Allegiant Air,2025-04,18.6982549,16.14634714,-2.551907755
Allegiant Air,2026-01,16.14634714,17.41584394,1.269496795
Hawaiian Airlines,2015-07,5.507960922,7.072468893,1.564507971
Hawaiian Airlines,2015-11,7.072468893,8.327991822,1.255522929
Hawaiian Airlines,2016-11,9.029000623,7.754230797,-1.274769827
Hawaiian Airlines,2017-06,7.754230797,9.541869213,1.787638416
Hawaiian Airlines,2020-06,10.95344284,8.729900734,-2.223542105
Hawaiian Airlines,2021-01,8.729900734,11.06036322,2.33046249
Hawaiian Airlines,2024-06,11.30066962,10.12755863,-1.173110987
Hawaiian Airlines,2025-02,11.02210689,9.777463405,-1.244643482
Hawaiian Airlines,2025-10,9.777463405,10.91819772,1.140734311
Envoy Air,2015-04,11.27255136,15.62687529,4.354323935
Envoy Air,2019-06,15.62687529,16.68095099,1.054075695
Envoy Air,2020-06,16.68095099,12.91229675,-3.768654241
Envoy Air,2020-10,12.91229675,15.68755504,2.775258292
Envoy Air,2021-01,15.68755504,20.52882732,4.841272279
Envoy Air,2021-05,20.52882732,17.9942941,-2.53453322
Envoy Air,2022-04,17.9942941,16.06976999,-1.924524113
Envoy Air,2023-08,16.06976999,18.48076296,2.410992975
Envoy Air,2024-01,18.48076296,17.2184426,-1.262320358
Envoy Air,2024-09,17.2184426,18.51040726,1.291964655
Envoy Air,2025-02,18.51040726,17.2381942,-1.272213056
Envoy Air,2025-07,17.2381942,19.3204263,2.082232097
Envoy Air,2026-01,19.3204263,20.98456472,1.664138417
Envoy Air,2026-04,20.98456472,23.08960952,2.105044805
Spirit Airlines,2016-05,15.35582827,16.98263078,1.626802515
Spirit Airlines,2017-09,16.98263078,19.26004035,2.277409571
Spirit Airlines,2018-06,19.26004035,17.6969884,-1.56305195
Spirit Airlines,2018-10,17.6969884,20.35165425,2.654665843
Spirit Airlines,2020-06,20.35165425,18.4041251,-1.947529147
Spirit Airlines,2020-09,18.4041251,14.5408151,-3.863309999
Spirit Airlines,2021-05,14.5408151,19.34288781,4.802072708
Spirit Airlines,2022-01,19.34288781,16.63799503,-2.704892775
Spirit Airlines,2022-06,16.63799503,21.57308855,4.935093519
Spirit Airlines,2022-09,21.57308855,19.46394045,-2.109148105
Spirit Airlines,2023-09,19.46394045,21.59018652,2.126246072
Spirit Airlines,2025-05,21.59018652,20.58320947,-1.006977047
Spirit Airlines,2026-03,20.58320947,18.27266829,-2.310541182
PSA Airlines,2018-06,14.89521607,16.87062362,1.97540755
PSA Airlines,2019-08,16.87062362,18.13419421,1.263570592
PSA Airlines,2020-06,18.13419421,15.08818039,-3.046013818
PSA Airlines,2020-11,15.08818039,17.81189381,2.723713413
PSA Airlines,2021-02,17.81189381,21.85391559,4.042021782
PSA Airlines,2021-05,21.85391559,18.81584491,-3.038070675
PSA Airlines,2022-02,18.81584491,17.69654003,-1.119304881
PSA Airlines,2022-12,17.69654003,19.14126166,1.444721628
PSA Airlines,2023-08,19.14126166,20.45471821,1.313456552
PSA Airlines,2024-03,20.45471821,18.95274155,-1.501976662
PSA Airlines,2024-06,18.95274155,21.17082358,2.21808203
PSA Airlines,2025-02,21.17082358,19.29562914,-1.875194437
PSA Airlines,2025-07,19.29562914,21.38136786,2.085738719
PSA Airlines,2026-01,21.38136786,22.83803593,1.456668069
PSA Airlines,2026-05,22.83803593,24.43422273,1.5961868
SkyWest Airlines,2015-04,13.36214944,15.44158471,2.079435278
SkyWest Airlines,2016-04,14.60820037,16.81284654,2.20464617
SkyWest Airlines,2017-08,17.65575931,18.81668141,1.160922099
SkyWest Airlines,2018-12,18.81668141,20.06210041,1.245418997
SkyWest Airlines,2019-12,20.06210041,21.38673328,1.32463287
SkyWest Airlines,2020-04,21.38673328,16.3640657,-5.022667574
SkyWest Airlines,2021-01,16.3640657,18.63886585,2.274800149
SkyWest Airlines,2021-06,18.63886585,17.50934598,-1.129519878
SkyWest Airlines,2021-11,17.50934598,18.67931764,1.169971661
SkyWest Airlines,2023-05,18.67931764,19.81386947,1.134551831
SkyWest Airlines,2024-12,20.74394852,21.9565862,1.212637681
SkyWest Airlines,2025-08,21.9565862,23.15550253,1.198916326
SkyWest Airlines,2026-01,23.15550253,24.19285336,1.03735083
SkyWest Airlines,2026-04,24.19285336,25.56721194,1.374358585
United Airlines,2015-07,20.83317486,22.57213381,1.738958945
United Airlines,2016-09,22.57213381,21.03739313,-1.534740677
United Airlines,2018-04,21.77331707,18.8702817,-2.903035377
United Airlines,2018-09,18.8702817,17.79597403,-1.074307668
United Airlines,2019-01,17.79597403,19.47947675,1.683502722
United Airlines,2019-06,19.47947675,20.85318521,1.373708463
United Airlines,2020-01,20.85318521,21.86412651,1.010941295
United Airlines,2020-06,21.86412651,20.44804034,-1.416086167
United Airlines,2020-11,20.44804034,18.22562452,-2.22241582
United Airlines,2021-06,18.22562452,16.53798829,-1.687636226
United Airlines,2021-09,16.53798829,21.56685882,5.028870527
United Airlines,2023-08,21.56685882,23.31729623,1.750437406
United Airlines,2024-11,23.31729623,25.00573353,1.688437302
United Airlines,2025-12,25.00573353,26.16758412,1.161850596
United Airlines,2026-04,26.16758412,27.43163386,1.264049738
Virgin America,2016-10,18.09390763,16.58071709,-1.513190536
Virgin America,2017-05,16.58071709,20.17587681,3.59515972
Virgin America,2018-01,20.17587681,23.26370871,3.087831897
Southwest Airlines,2016-03,15.05948258,13.96550678,-1.093975804
Southwest Airlines,2017-01,14.70109202,13.59224894,-1.108843089
Southwest Airlines,2017-05,13.59224894,15.16272594,1.570477006
Southwest Airlines,2019-01,15.4897437,16.83945811,1.349714409
Southwest Airlines,2026-01,18.21853674,19.32054939,1.102012645
Mesa Airlines,2018-09,16.15398338,14.59346604,-1.560517336
Mesa Airlines,2019-06,14.59346604,16.47064254,1.8771765
Mesa Airlines,2020-06,16.47064254,13.60471117,-2.865931372
Mesa Airlines,2020-09,13.60471117,16.77074286,3.166031692
Mesa Airlines,2021-01,16.77074286,18.83589739,2.065154531
Mesa Airlines,2021-05,18.83589739,17.43625151,-1.399645887
Mesa Airlines,2022-06,17.43625151,18.7663089,1.330057395
Mesa Airlines,2022-09,18.7663089,17.29081819,-1.475490708
Republic Airways,2020-05,22.27132838,19.61078744,-2.660540942
Republic Airways,2021-01,19.61078744,21.6007132,1.989925758
Republic Airways,2021-06,21.6007132,18.72101395,-2.87969925
Republic Airways,2021-09,18.72101395,20.00681449,1.285800542
Republic Airways,2022-02,20.00681449,21.03633882,1.02952433
Republic Airways,2022-08,21.03633882,22.47968393,1.443345109
Republic Airways,2023-05,22.47968393,23.71642769,1.236743754
Republic Airways,2024-01,23.71642769,22.37345778,-1.34296991
Republic Airways,2025-07,22.37345778,24.20594386,1.832486083
Republic Airways,2026-04,24.20594386,26.39857294,2.192629083
