Scheduled turn,Legs,Minutes passed on per late minute,Low,High
0 to 30 min,223551,1.503945788,1.482062171,1.525829405
30 to 40 min,1747421,1.092817541,1.088171102,1.097463979
40 to 50 min,3901417,1.04462338,1.041664089,1.04758267
50 to 60 min,3970697,1.038436425,1.035215448,1.041657403
60 to 75 min,4338922,0.9578326914,0.9547183843,0.9609469985
75 to 90 min,1573575,0.8114892412,0.8064588682,0.8165196142
90 to 120 min,1111771,0.6511626304,0.6455043008,0.65682096
120 to 180 min,712102,0.4338759125,0.428208751,0.439543074
180 to 300 min,428630,0.2565116329,0.2513523461,0.2616709197
