Month,Flights,On time,Mean arrival delay
January,2092057,0.7855091902,7.081546057
February,2006887,0.8119689848,3.650398353
March,2341501,0.7787145938,7.888732484
April,2296099,0.7958058429,6.187693562
May,2376574,0.7757515651,8.61007568
June,2358739,0.7351758715,13.35673849
July,2423845,0.7114427696,16.92497788
August,1790178,0.7742285963,9.431098472
September,1697477,0.8307865143,2.883710943
October,1806087,0.8363428783,1.819705252
November,1689641,0.8375885765,1.566225015
December,1723697,0.7876732396,6.909365161
