Hub,Days,Inbound flights,Buffer for under the line,Interval,Interior
ATL,1308,1157986,65,60 to 65 min,yes
DEN,1308,1084241,70,65 to 70 min,yes
DFW,1308,1065628,90,85 to 95 min,yes
ORD,1308,1054904,85,80 to 90 min,yes
CLT,1308,699850,70,70 to 75 min,yes
LAX,1308,682774,65,65 to 65 min,yes
PHX,1308,679013,65,65 to 65 min,yes
LAS,1308,655655,70,70 to 70 min,yes
SEA,1308,580344,60,60 to 60 min,yes
MCO,1306,568235,85,80 to 85 min,yes
LGA,1307,520330,95,90 to 100 min,yes
BOS,1307,499992,90,85 to 95 min,yes
DCA,1307,489825,90,85 to 95 min,yes
SFO,1308,495273,85,80 to 85 min,yes
EWR,1307,443733,100,90 to 105 min,yes
DTW,1308,443573,70,70 to 75 min,yes
MSP,1308,423542,65,60 to 65 min,yes
JFK,1307,407822,90,85 to 95 min,yes
IAH,1307,406830,70,70 to 75 min,yes
SLC,1308,405229,55,55 to 60 min,yes
