Airport,Turns,Turns reached by a late inbound,Arrival minutes saved per buffer minute,Pays
LAS,533550,0.2736856902,0.5134874454,no
DCA,387349,0.2691887678,0.4933743014,no
SFO,370543,0.2267375176,0.4179569997,no
PHX,539049,0.2270071923,0.4130105328,no
MCO,408264,0.2352815825,0.4129164503,no
LGA,396699,0.2370033703,0.3941919821,no
BOS,353516,0.2221766483,0.3844497551,no
DEN,902923,0.2052301248,0.3575927072,no
DFW,828718,0.1935471415,0.3371217512,no
CLT,575566,0.1841439557,0.3305209369,no
ORD,832811,0.1927111914,0.3280937617,no
LAX,504858,0.1693624742,0.3081893661,no
SEA,454435,0.15691353,0.2880045681,no
JFK,265301,0.1669952243,0.2838086115,no
SLC,328749,0.1503152861,0.2818110543,no
DTW,341320,0.1494345482,0.274179945,no
EWR,297671,0.1680345079,0.2707178679,no
IAH,265610,0.1642596288,0.2679894269,no
ATL,937385,0.1417464542,0.2602052347,no
MSP,330168,0.1418823145,0.2577361333,no
