Scheduled departure hour,Flights,On time,Mean arrival delay
00:00,39810,0.8096960563,3.93896006
01:00,13241,0.7887621781,7.159202477
02:00,5206,0.7865923934,4.740683826
03:00,2823,0.7902940135,5.584130358
04:00,1338,0.8101644245,5.603886398
05:00,697963,0.911680132,-2.468734016
06:00,1723394,0.9009564847,-2.006197654
07:00,1746305,0.8745854819,-0.4768897758
08:00,1678437,0.8584355564,0.2220184612
09:00,1386438,0.8437535613,1.480752114
10:00,1539031,0.8314121028,2.65368209
11:00,1530312,0.814678314,4.261508111
12:00,1463645,0.7980022478,6.162648046
13:00,1469118,0.7781914046,8.082955896
14:00,1404527,0.7545785877,10.6129964
15:00,1412408,0.7377910632,11.94984381
16:00,1409368,0.7183134568,13.92109868
17:00,1531812,0.7079622042,15.133833
18:00,1481515,0.6976709652,15.81380344
19:00,1339271,0.6905868939,16.25849884
20:00,1101173,0.6883605028,16.17726279
21:00,830489,0.7105392124,14.46885269
22:00,584916,0.7189989674,13.98124004
23:00,210242,0.784172525,6.765903102
