file,column,format,source
ch1_by_year.csv,Year,text,"Source: BTS Reporting Carrier On-Time Performance, model: the day block bootstrap, every scheduled flight, 2015 to 2026-07, as of 2026-10-01."
ch1_by_year.csv,Flights flown,int,"Source: BTS Reporting Carrier On-Time Performance, model: the day block bootstrap, every scheduled flight, 2015 to 2026-07, as of 2026-10-01."
ch1_by_year.csv,On time,pct1,"Source: BTS Reporting Carrier On-Time Performance, model: the day block bootstrap, every scheduled flight, 2015 to 2026-07, as of 2026-10-01."
ch1_by_year.csv,"Scheduled block, route panel",min1,"Source: BTS Reporting Carrier On-Time Performance, model: the day block bootstrap, every scheduled flight, 2015 to 2026-07, as of 2026-10-01."
ch1_by_year.csv,"Actual block, route panel",min1,"Source: BTS Reporting Carrier On-Time Performance, model: the day block bootstrap, every scheduled flight, 2015 to 2026-07, as of 2026-10-01."
ch2_changepoints.csv,Carrier,text,"Source: BTS Reporting Carrier On-Time Performance, model: PELT changepoints, every scheduled flight, 2015 to 2026-07, as of 2026-10-01."
ch2_changepoints.csv,Month,text,"Source: BTS Reporting Carrier On-Time Performance, model: PELT changepoints, every scheduled flight, 2015 to 2026-07, as of 2026-10-01."
ch2_changepoints.csv,Padding before,min1,"Source: BTS Reporting Carrier On-Time Performance, model: PELT changepoints, every scheduled flight, 2015 to 2026-07, as of 2026-10-01."
ch2_changepoints.csv,Padding after,min1,"Source: BTS Reporting Carrier On-Time Performance, model: PELT changepoints, every scheduled flight, 2015 to 2026-07, as of 2026-10-01."
ch2_changepoints.csv,Step,smin1,"Source: BTS Reporting Carrier On-Time Performance, model: PELT changepoints, every scheduled flight, 2015 to 2026-07, as of 2026-10-01."
ch2_by_carrier.csv,Carrier,text,"Source: BTS Reporting Carrier On-Time Performance, model: PELT changepoints, every scheduled flight, 2015 to 2026-07, as of 2026-10-01."
ch2_by_carrier.csv,Padding 2015,min1,"Source: BTS Reporting Carrier On-Time Performance, model: PELT changepoints, every scheduled flight, 2015 to 2026-07, as of 2026-10-01."
ch2_by_carrier.csv,Padding 2025,min1,"Source: BTS Reporting Carrier On-Time Performance, model: PELT changepoints, every scheduled flight, 2015 to 2026-07, as of 2026-10-01."
ch3_by_carrier.csv,Carrier,text,"Source: BTS Reporting Carrier On-Time Performance, model: the density test with placebos, scheduled flights 2023 to 2026-07, as of 2026-10-01."
ch3_by_carrier.csv,Flights,int,"Source: BTS Reporting Carrier On-Time Performance, model: the density test with placebos, scheduled flights 2023 to 2026-07, as of 2026-10-01."
ch3_by_carrier.csv,Excess below the line,pct2,"Source: BTS Reporting Carrier On-Time Performance, model: the density test with placebos, scheduled flights 2023 to 2026-07, as of 2026-10-01."
ch3_by_carrier.csv,z against placebos,float2,"Source: BTS Reporting Carrier On-Time Performance, model: the density test with placebos, scheduled flights 2023 to 2026-07, as of 2026-10-01."
ch3_by_carrier.csv,p,float3,"Source: BTS Reporting Carrier On-Time Performance, model: the density test with placebos, scheduled flights 2023 to 2026-07, as of 2026-10-01."
ch3_by_carrier.csv,q (BH),float3,"Source: BTS Reporting Carrier On-Time Performance, model: the density test with placebos, scheduled flights 2023 to 2026-07, as of 2026-10-01."
ch3_by_carrier.csv,Verdict,text,"Source: BTS Reporting Carrier On-Time Performance, model: the density test with placebos, scheduled flights 2023 to 2026-07, as of 2026-10-01."
ch4_buffer_curve.csv,Scheduled turn,text,"Source: BTS Reporting Carrier On-Time Performance, model: the propagation model, scheduled flights 2023 to 2026-07, as of 2026-10-01."
ch4_buffer_curve.csv,Legs,int,"Source: BTS Reporting Carrier On-Time Performance, model: the propagation model, scheduled flights 2023 to 2026-07, as of 2026-10-01."
ch4_buffer_curve.csv,Minutes passed on per late minute,float2,"Source: BTS Reporting Carrier On-Time Performance, model: the propagation model, scheduled flights 2023 to 2026-07, as of 2026-10-01."
ch4_buffer_curve.csv,Low,float2,"Source: BTS Reporting Carrier On-Time Performance, model: the propagation model, scheduled flights 2023 to 2026-07, as of 2026-10-01."
ch4_buffer_curve.csv,High,float2,"Source: BTS Reporting Carrier On-Time Performance, model: the propagation model, scheduled flights 2023 to 2026-07, as of 2026-10-01."
ch5_ranking.csv,Carrier,text,"Source: BTS on time files joined to the FAA aircraft registry, model: fixed effects on weighted cells, scheduled flights 2023 to 2026-07, as of 2026-10-01."
ch5_ranking.csv,Flights,int,"Source: BTS on time files joined to the FAA aircraft registry, model: fixed effects on weighted cells, scheduled flights 2023 to 2026-07, as of 2026-10-01."
ch5_ranking.csv,Raw rank,int,"Source: BTS on time files joined to the FAA aircraft registry, model: fixed effects on weighted cells, scheduled flights 2023 to 2026-07, as of 2026-10-01."
ch5_ranking.csv,Raw effect,smin2,"Source: BTS on time files joined to the FAA aircraft registry, model: fixed effects on weighted cells, scheduled flights 2023 to 2026-07, as of 2026-10-01."
ch5_ranking.csv,Adjusted rank,int,"Source: BTS on time files joined to the FAA aircraft registry, model: fixed effects on weighted cells, scheduled flights 2023 to 2026-07, as of 2026-10-01."
ch5_ranking.csv,Adjusted effect,smin2,"Source: BTS on time files joined to the FAA aircraft registry, model: fixed effects on weighted cells, scheduled flights 2023 to 2026-07, as of 2026-10-01."
ch5_ranking.csv,Interval,text,"Source: BTS on time files joined to the FAA aircraft registry, model: fixed effects on weighted cells, scheduled flights 2023 to 2026-07, as of 2026-10-01."
ch5_ranking.csv,Moved,text,"Source: BTS on time files joined to the FAA aircraft registry, model: fixed effects on weighted cells, scheduled flights 2023 to 2026-07, as of 2026-10-01."
ch6_reported_by_year.csv,Year,text,"Source: BTS on time files with Open-Meteo weather, model: the weather fixed effects model, scheduled flights 2023 to 2026-07, flights between two Core 30 airports for the weather model, as of 2026-10-01."
ch6_reported_by_year.csv,Late aircraft,pct1,"Source: BTS on time files with Open-Meteo weather, model: the weather fixed effects model, scheduled flights 2023 to 2026-07, flights between two Core 30 airports for the weather model, as of 2026-10-01."
ch6_reported_by_year.csv,Carrier,pct1,"Source: BTS on time files with Open-Meteo weather, model: the weather fixed effects model, scheduled flights 2023 to 2026-07, flights between two Core 30 airports for the weather model, as of 2026-10-01."
ch6_reported_by_year.csv,Air traffic system,pct1,"Source: BTS on time files with Open-Meteo weather, model: the weather fixed effects model, scheduled flights 2023 to 2026-07, flights between two Core 30 airports for the weather model, as of 2026-10-01."
ch6_reported_by_year.csv,Weather,pct1,"Source: BTS on time files with Open-Meteo weather, model: the weather fixed effects model, scheduled flights 2023 to 2026-07, flights between two Core 30 airports for the weather model, as of 2026-10-01."
ch6_reported_by_year.csv,Security,pct2,"Source: BTS on time files with Open-Meteo weather, model: the weather fixed effects model, scheduled flights 2023 to 2026-07, flights between two Core 30 airports for the weather model, as of 2026-10-01."
ch6_nas_by_airport.csv,Airport,text,"Source: BTS on time files with Open-Meteo weather, model: the weather fixed effects model, scheduled flights 2023 to 2026-07, flights between two Core 30 airports for the weather model, as of 2026-10-01."
ch6_nas_by_airport.csv,Flights,int,"Source: BTS on time files with Open-Meteo weather, model: the weather fixed effects model, scheduled flights 2023 to 2026-07, flights between two Core 30 airports for the weather model, as of 2026-10-01."
ch6_nas_by_airport.csv,Air traffic system share of cause minutes,pct1,"Source: BTS on time files with Open-Meteo weather, model: the weather fixed effects model, scheduled flights 2023 to 2026-07, flights between two Core 30 airports for the weather model, as of 2026-10-01."
ch6_nas_by_airport.csv,Air traffic minutes per flight,min2,"Source: BTS on time files with Open-Meteo weather, model: the weather fixed effects model, scheduled flights 2023 to 2026-07, flights between two Core 30 airports for the weather model, as of 2026-10-01."
ch7_events.csv,Event,text,"Source: BTS Reporting Carrier On-Time Performance, model: the disruption detector, every scheduled flight, 2015 to 2026-07, as of 2026-10-01."
ch7_events.csv,Onset,text,"Source: BTS Reporting Carrier On-Time Performance, model: the disruption detector, every scheduled flight, 2015 to 2026-07, as of 2026-10-01."
ch7_events.csv,Window,text,"Source: BTS Reporting Carrier On-Time Performance, model: the disruption detector, every scheduled flight, 2015 to 2026-07, as of 2026-10-01."
ch7_events.csv,Units,text,"Source: BTS Reporting Carrier On-Time Performance, model: the disruption detector, every scheduled flight, 2015 to 2026-07, as of 2026-10-01."
ch7_events.csv,Flagged,text,"Source: BTS Reporting Carrier On-Time Performance, model: the disruption detector, every scheduled flight, 2015 to 2026-07, as of 2026-10-01."
ch7_events.csv,First alert,text,"Source: BTS Reporting Carrier On-Time Performance, model: the disruption detector, every scheduled flight, 2015 to 2026-07, as of 2026-10-01."
ch7_events.csv,Days after onset,int,"Source: BTS Reporting Carrier On-Time Performance, model: the disruption detector, every scheduled flight, 2015 to 2026-07, as of 2026-10-01."
ch7_recovery_by_carrier.csv,Carrier,text,"Source: BTS Reporting Carrier On-Time Performance, model: the disruption detector, every scheduled flight, 2015 to 2026-07, as of 2026-10-01."
ch7_recovery_by_carrier.csv,Alert episodes,int,"Source: BTS Reporting Carrier On-Time Performance, model: the disruption detector, every scheduled flight, 2015 to 2026-07, as of 2026-10-01."
ch7_recovery_by_carrier.csv,Median days,days1,"Source: BTS Reporting Carrier On-Time Performance, model: the disruption detector, every scheduled flight, 2015 to 2026-07, as of 2026-10-01."
ch7_recovery_by_carrier.csv,Mean days,days1,"Source: BTS Reporting Carrier On-Time Performance, model: the disruption detector, every scheduled flight, 2015 to 2026-07, as of 2026-10-01."
ch7_recovery_by_carrier.csv,Longest,int,"Source: BTS Reporting Carrier On-Time Performance, model: the disruption detector, every scheduled flight, 2015 to 2026-07, as of 2026-10-01."
ch8_by_hour.csv,Scheduled departure hour,text,"Source: BTS Reporting Carrier On-Time Performance, model: the misconnect curve, scheduled flights 2023 to 2026-07, as of 2026-10-01."
ch8_by_hour.csv,Flights,int,"Source: BTS Reporting Carrier On-Time Performance, model: the misconnect curve, scheduled flights 2023 to 2026-07, as of 2026-10-01."
ch8_by_hour.csv,On time,pct1,"Source: BTS Reporting Carrier On-Time Performance, model: the misconnect curve, scheduled flights 2023 to 2026-07, as of 2026-10-01."
ch8_by_hour.csv,Mean arrival delay,smin1,"Source: BTS Reporting Carrier On-Time Performance, model: the misconnect curve, scheduled flights 2023 to 2026-07, as of 2026-10-01."
ch8_by_dow.csv,Day,text,"Source: BTS Reporting Carrier On-Time Performance, model: the misconnect curve, scheduled flights 2023 to 2026-07, as of 2026-10-01."
ch8_by_dow.csv,Flights,int,"Source: BTS Reporting Carrier On-Time Performance, model: the misconnect curve, scheduled flights 2023 to 2026-07, as of 2026-10-01."
ch8_by_dow.csv,On time,pct1,"Source: BTS Reporting Carrier On-Time Performance, model: the misconnect curve, scheduled flights 2023 to 2026-07, as of 2026-10-01."
ch8_by_dow.csv,Mean arrival delay,smin1,"Source: BTS Reporting Carrier On-Time Performance, model: the misconnect curve, scheduled flights 2023 to 2026-07, as of 2026-10-01."
ch8_by_month.csv,Month,text,"Source: BTS Reporting Carrier On-Time Performance, model: the misconnect curve, scheduled flights 2023 to 2026-07, as of 2026-10-01."
ch8_by_month.csv,Flights,int,"Source: BTS Reporting Carrier On-Time Performance, model: the misconnect curve, scheduled flights 2023 to 2026-07, as of 2026-10-01."
ch8_by_month.csv,On time,pct1,"Source: BTS Reporting Carrier On-Time Performance, model: the misconnect curve, scheduled flights 2023 to 2026-07, as of 2026-10-01."
ch8_by_month.csv,Mean arrival delay,smin1,"Source: BTS Reporting Carrier On-Time Performance, model: the misconnect curve, scheduled flights 2023 to 2026-07, as of 2026-10-01."
ch8_by_position.csv,Leg of the aircraft's day,text,"Source: BTS Reporting Carrier On-Time Performance, model: the misconnect curve, scheduled flights 2023 to 2026-07, as of 2026-10-01."
ch8_by_position.csv,Flights,int,"Source: BTS Reporting Carrier On-Time Performance, model: the misconnect curve, scheduled flights 2023 to 2026-07, as of 2026-10-01."
ch8_by_position.csv,On time,pct1,"Source: BTS Reporting Carrier On-Time Performance, model: the misconnect curve, scheduled flights 2023 to 2026-07, as of 2026-10-01."
ch8_by_position.csv,Mean arrival delay,smin1,"Source: BTS Reporting Carrier On-Time Performance, model: the misconnect curve, scheduled flights 2023 to 2026-07, as of 2026-10-01."
ch8_hubs.csv,Hub,text,"Source: BTS Reporting Carrier On-Time Performance, model: the misconnect curve, scheduled flights 2023 to 2026-07, as of 2026-10-01."
ch8_hubs.csv,Days,int,"Source: BTS Reporting Carrier On-Time Performance, model: the misconnect curve, scheduled flights 2023 to 2026-07, as of 2026-10-01."
ch8_hubs.csv,Inbound flights,int,"Source: BTS Reporting Carrier On-Time Performance, model: the misconnect curve, scheduled flights 2023 to 2026-07, as of 2026-10-01."
ch8_hubs.csv,Buffer for under the line,min0,"Source: BTS Reporting Carrier On-Time Performance, model: the misconnect curve, scheduled flights 2023 to 2026-07, as of 2026-10-01."
ch8_hubs.csv,Interval,text,"Source: BTS Reporting Carrier On-Time Performance, model: the misconnect curve, scheduled flights 2023 to 2026-07, as of 2026-10-01."
ch8_hubs.csv,Interior,text,"Source: BTS Reporting Carrier On-Time Performance, model: the misconnect curve, scheduled flights 2023 to 2026-07, as of 2026-10-01."
ch8_trade_airports.csv,Airport,text,"Source: BTS Reporting Carrier On-Time Performance, model: the misconnect curve, scheduled flights 2023 to 2026-07, as of 2026-10-01."
ch8_trade_airports.csv,Turns,int,"Source: BTS Reporting Carrier On-Time Performance, model: the misconnect curve, scheduled flights 2023 to 2026-07, as of 2026-10-01."
ch8_trade_airports.csv,Turns reached by a late inbound,pct1,"Source: BTS Reporting Carrier On-Time Performance, model: the misconnect curve, scheduled flights 2023 to 2026-07, as of 2026-10-01."
ch8_trade_airports.csv,Arrival minutes saved per buffer minute,float2,"Source: BTS Reporting Carrier On-Time Performance, model: the misconnect curve, scheduled flights 2023 to 2026-07, as of 2026-10-01."
ch8_trade_airports.csv,Pays,text,"Source: BTS Reporting Carrier On-Time Performance, model: the misconnect curve, scheduled flights 2023 to 2026-07, as of 2026-10-01."
recovery_by_condition.csv,Condition,text,"Source: the simulated airline network with known truth, the recovery study, every condition and seed, 20 seeds, as of 2026-10-01."
recovery_by_condition.csv,Padding error,min2,"Source: the simulated airline network with known truth, the recovery study, every condition and seed, 20 seeds, as of 2026-10-01."
recovery_by_condition.csv,Changepoint date error,days1,"Source: the simulated airline network with known truth, the recovery study, every condition and seed, 20 seeds, as of 2026-10-01."
recovery_by_condition.csv,Rho bias,sfloat3,"Source: the simulated airline network with known truth, the recovery study, every condition and seed, 20 seeds, as of 2026-10-01."
recovery_by_condition.csv,Rho coverage,pct0,"Source: the simulated airline network with known truth, the recovery study, every condition and seed, 20 seeds, as of 2026-10-01."
recovery_by_condition.csv,Inherited share error,pts1,"Source: the simulated airline network with known truth, the recovery study, every condition and seed, 20 seeds, as of 2026-10-01."
recovery_by_condition.csv,Raw rank correlation,float2,"Source: the simulated airline network with known truth, the recovery study, every condition and seed, 20 seeds, as of 2026-10-01."
recovery_by_condition.csv,Adjusted rank correlation,float2,"Source: the simulated airline network with known truth, the recovery study, every condition and seed, 20 seeds, as of 2026-10-01."
recovery_by_condition.csv,Bunching false positives,pct1,"Source: the simulated airline network with known truth, the recovery study, every condition and seed, 20 seeds, as of 2026-10-01."
recovery_by_condition.csv,Bunching power,pct0,"Source: the simulated airline network with known truth, the recovery study, every condition and seed, 20 seeds, as of 2026-10-01."
recovery_by_condition.csv,Weather share error,pts1,"Source: the simulated airline network with known truth, the recovery study, every condition and seed, 20 seeds, as of 2026-10-01."
recovery_by_condition.csv,Weather coverage,pct0,"Source: the simulated airline network with known truth, the recovery study, every condition and seed, 20 seeds, as of 2026-10-01."
recovery_by_condition.csv,Detector precision,pct0,"Source: the simulated airline network with known truth, the recovery study, every condition and seed, 20 seeds, as of 2026-10-01."
metrics_definitions.csv,Metric,text,"Source: BTS Reporting Carrier On-Time Performance, every flight in the window, through the metric layer, as of 2026-10-01."
metrics_definitions.csv,Over the flights,text,"Source: BTS Reporting Carrier On-Time Performance, every flight in the window, through the metric layer, as of 2026-10-01."
metrics_definitions.csv,Over the mart,text,"Source: BTS Reporting Carrier On-Time Performance, every flight in the window, through the metric layer, as of 2026-10-01."
mart_inherited_month.csv,carrier,String,"a shipped mart, as the site reads it"
mart_inherited_month.csv,year,Int32,"a shipped mart, as the site reads it"
mart_inherited_month.csv,month,Int32,"a shipped mart, as the site reads it"
mart_inherited_month.csv,inherited_minutes_sum,"Decimal(precision=38, scale=16)","a shipped mart, as the site reads it"
mart_inherited_month.csv,arr_delay_pos_sum,"Decimal(precision=38, scale=0)","a shipped mart, as the site reads it"
mart_inherited_month.csv,flown,Int64,"a shipped mart, as the site reads it"
