carrier,year,month,inherited_minutes_sum,arr_delay_pos_sum,flown
9E,2023,1,95552.1342903786876511,288642,16637
9E,2023,2,42413.3077540829770180,145259,14263
9E,2023,3,57524.9537544063786050,182663,16678
9E,2023,4,64359.8552888716260214,182734,15422
9E,2023,5,24243.5933526082555470,82420,15976
9E,2023,6,69701.9544245528736392,221148,16363
9E,2023,7,88563.6818251673366545,300067,16457
9E,2023,8,87122.7535200801861953,248886,17751
9E,2023,9,66810.2569861259184035,219670,16505
9E,2023,10,32175.7922751269306454,99640,17777
9E,2023,11,25003.5630648426578360,83768,16374
9E,2023,12,50035.3019199120224872,155036,16702
9E,2024,1,125798.4892952750286154,352045,16219
9E,2024,2,49605.2636948352178085,126069,15392
9E,2024,3,55781.8027433524049014,150962,17028
9E,2024,4,57648.7081300345945031,159282,16778
9E,2024,5,91842.4864197923562243,225992,16057
9E,2024,6,100843.3946724620606314,258559,16116
9E,2024,7,188689.3976786261306996,449039,15796
9E,2024,8,99086.6862263445337826,295046,15873
9E,2024,9,41829.9831581384738561,119054,15733
9E,2024,10,30655.1376863361422279,94507,16833
9E,2024,11,37235.8375439862822462,104803,15997
9E,2024,12,109847.2088607742095830,261573,17250
AA,2023,1,334261.7709416382485618,1393185,73454
AA,2023,2,293876.1162316612200529,1249837,69732
AA,2023,3,432603.7443586686887103,1750928,77630
AA,2023,4,421682.6496336597958063,1719192,75563
AA,2023,5,344891.6769057661658634,1508641,79158
AA,2023,6,564390.2579506222985944,2364463,79036
AA,2023,7,649852.0271409330488851,2610842,81377
AA,2023,8,555476.3809339669889354,2254447,83693
AA,2023,9,300373.4366498106910981,1376362,76073
AA,2023,10,257261.0323931566586706,1135897,80771
AA,2023,11,177107.1455879175273755,887860,76323
AA,2023,12,220872.2554247015718464,1007108,75248
AA,2024,1,534960.4092492737318866,2023221,75888
AA,2024,2,236336.3427708546703112,1061670,74634
AA,2024,3,508233.5811682931813451,1993229,81117
AA,2024,4,443440.9368980561543351,1663810,80211
AA,2024,5,831413.7327423041846226,3007431,83278
AA,2024,6,693459.3120050965378027,2521782,83287
AA,2024,7,964284.0625687392503810,3267158,85707
AA,2024,8,627299.2510375211493494,2391214,83189
AA,2024,9,271875.8905480157994974,1177086,80051
AA,2024,10,231797.9742273534904455,1033395,85955
AA,2024,11,220743.5948900487463924,969860,76109
AA,2024,12,369604.8336772806419349,1531800,76683
AA,2025,1,250352.6921744573793418,1176720,72082
AA,2025,2,261020.3634934186113975,1180559,68808
AA,2025,3,379548.3565161021675753,1595164,81043
AA,2025,4,423706.2967224085496932,1613437,80857
AA,2025,5,463348.3690327477572767,1885546,84496
AA,2025,6,673408.7077564887931483,2497597,82983
AA,2025,7,754729.6339037155541791,2871090,84378
AA,2025,8,597790.1057489470476709,2256516,80997
AA,2025,9,338119.3843561591077466,1414926,76122
AA,2025,10,418243.7054824357041688,1627822,84760
AA,2025,11,388740.0633343292447671,1522034,77000
AA,2025,12,453409.6590419453905195,1712581,79315
AA,2026,1,330768.7605208885622343,1644317,69740
AA,2026,2,306129.8725060378385479,1230728,71063
AA,2026,3,491791.6783315155742031,1907043,82550
AA,2026,4,396628.9712519257016571,1494192,83534
AA,2026,5,444341.4996563110374111,1770798,87049
AA,2026,6,654762.1202570418073035,2396661,83677
AA,2026,7,768042.7975883311794956,2798552,86614
AS,2023,1,66905.1724227547249955,235013,19421
AS,2023,2,63516.4499817728716368,234201,17251
AS,2023,3,70621.4464646291769686,243118,19695
AS,2023,4,60552.0389237087724700,224811,19306
AS,2023,5,42323.4308038937704589,176592,20532
AS,2023,6,71688.6178536786866557,271127,21196
AS,2023,7,94479.3613428025710321,313719,22571
AS,2023,8,72072.5886638335988303,261726,22842
AS,2023,9,56849.4671587076452978,213518,21297
AS,2023,10,39764.7145321561191481,157321,20210
AS,2023,11,48066.3025995536751071,166725,19111
AS,2023,12,55671.3652782251229660,189347,19211
AS,2024,1,94583.1890697195588851,274751,14495
AS,2024,2,44869.9364752756800240,159895,16670
AS,2024,3,76824.7218278063038387,252952,19444
AS,2024,4,71848.1976486917881299,235991,19287
AS,2024,5,76492.5997927104105348,273323,21098
AS,2024,6,85646.3482319717469821,305582,21973
AS,2024,7,94817.4231374405164311,324894,23625
AS,2024,8,98156.1906238995563792,326605,22932
AS,2024,9,59942.0051093043225051,222512,21360
AS,2024,10,44154.3430204714995570,181978,20287
AS,2024,11,42032.5470048187092320,175488,19311
AS,2024,12,81691.2539442320265152,255729,19841
AS,2025,1,46502.7015425115351895,179166,17847
AS,2025,2,51370.2251726657959555,197199,15917
AS,2025,3,57239.3522790853814217,202547,18756
AS,2025,4,54814.9614873257357327,196991,18911
AS,2025,5,91841.8866103424390408,305173,21600
AS,2025,6,113718.9824617573145875,373951,22353
AS,2025,7,137118.0645416900286357,414421,23012
AS,2025,8,108123.7801242908697409,336299,22690
AS,2025,9,51835.9220526373386627,186172,20567
AS,2025,10,66104.7227023446487129,248309,20157
AS,2025,11,55023.0654614533529157,203779,19422
AS,2025,12,108101.9671455903131806,336278,20695
AS,2026,1,107944.7615975679484258,333218,25799
AS,2026,2,63622.2422379094871108,227153,23678
AS,2026,3,110633.7563123572488378,379393,27160
AS,2026,4,68362.6103441414945394,234412,27061
AS,2026,5,87784.7268896348384153,265892,28916
AS,2026,6,92215.3081366320124636,321366,29653
AS,2026,7,123428.1520827398193548,421020,31318
B6,2023,1,172101.7195582548319046,483246,22978
B6,2023,2,174623.9183690824244973,453196,21727
B6,2023,3,267955.4713577438011086,650768,25318
B6,2023,4,241972.6480225088527980,645092,23473
B6,2023,5,178478.9517462177020251,472671,24385
B6,2023,6,293943.0107603245508900,794204,21831
B6,2023,7,403636.8539815657257555,1085438,21108
B6,2023,8,278267.1249603051621462,709013,22121
B6,2023,9,282091.1990839363540553,760862,20557
B6,2023,10,168707.3007862616907815,450396,21972
B6,2023,11,129253.6540041007116546,366066,21213
B6,2023,12,182114.9056028200055501,458348,21232
B6,2024,1,164362.4905618575665209,452908,19172
B6,2024,2,137076.4671966882756406,350091,18923
B6,2024,3,217394.9719388117033400,571600,21190
B6,2024,4,142020.3020980692080928,367857,19762
B6,2024,5,157347.8097609002875891,422598,21057
B6,2024,6,167674.0481276025173432,486199,19288
B6,2024,7,193260.6669295300010360,534194,19852
B6,2024,8,229156.4277262700567505,653740,19462
B6,2024,9,68017.2035850586675807,246123,18213
B6,2024,10,55568.0199692118363035,174431,19172
B6,2024,11,63702.6764377607121465,196169,19109
B6,2024,12,185841.5523944761422627,485685,20483
B6,2025,1,92061.2330172762355889,281421,17558
B6,2025,2,143886.6306674168935314,396506,17181
B6,2025,3,123617.2714752303628647,392805,21033
B6,2025,4,70249.4615479188557784,233523,19908
B6,2025,5,108206.8501628277968676,383437,19461
B6,2025,6,126124.2714752303628647,435179,18730
B6,2025,7,189462.5213343681245975,636216,19512
B6,2025,8,120706.3939570905861914,407570,19973
B6,2025,9,63113.2969887648855877,244944,16079
B6,2025,10,96118.2279554477010123,345682,18144
B6,2025,11,122229.6860599333142854,390504,19177
B6,2025,12,193739.1043399371459799,572330,19947
B6,2026,1,129811.7499577115121213,421465,16875
B6,2026,2,122534.2903180362165255,406693,16457
B6,2026,3,138583.0462478444299177,487184,20825
B6,2026,4,90523.9610690468784670,323057,20572
B6,2026,5,63036.4547180233162820,251459,19715
B6,2026,6,132601.3325070210458952,421880,20399
B6,2026,7,222232.7218300571123614,730281,20882
DL,2023,1,266114.7290140162145463,1177870,74419
DL,2023,2,184271.4773773162903080,869804,68063
DL,2023,3,304931.4352927781943810,1240088,81025
DL,2023,4,230606.3760932698108475,1054303,78238
DL,2023,5,157508.8617669544113520,757298,83947
DL,2023,6,386417.6129270331668016,1548031,84411
DL,2023,7,439424.8972422364007764,1698453,88066
DL,2023,8,355048.6245573944455204,1360393,87252
DL,2023,9,203975.8050721256308724,905200,81096
DL,2023,10,107073.7306586461708520,549232,85231
DL,2023,11,84706.9248259240861338,471086,80278
DL,2023,12,113694.8865176416717065,583350,80905
DL,2024,1,260959.1450127226081983,1107295,73722
DL,2024,2,95872.1769546133198007,550326,71020
DL,2024,3,238607.8145731119929199,974333,82427
DL,2024,4,240811.1179165226152241,940917,82569
DL,2024,5,411792.2139745801491335,1406567,87954
DL,2024,6,331959.4609749747451239,1331782,88585
DL,2024,7,747589.9397707960947086,2571721,85878
DL,2024,8,334630.5865462046482674,1351883,89420
DL,2024,9,171284.1236937226242407,744538,84072
DL,2024,10,123340.7370512725379113,571042,87416
DL,2024,11,129018.6103916172824679,607592,81706
DL,2024,12,299568.5551225379103280,1148451,83057
DL,2025,1,296783.1606924483298794,1197800,74025
DL,2025,2,275195.1570351280799484,1054866,71061
DL,2025,3,336012.9415226155164746,1189932,83857
DL,2025,4,275896.8020397268965698,1093042,83560
DL,2025,5,407676.4393041620070005,1476249,89472
DL,2025,6,543310.0329845991610016,1893873,89155
DL,2025,7,527938.1142542088247528,1891379,92245
DL,2025,8,289436.8337604862516835,1161482,89322
DL,2025,9,193007.2655673489561710,771851,84630
DL,2025,10,279786.5724848742186576,1037279,89610
DL,2025,11,305614.8253954010298644,1147898,82872
DL,2025,12,494138.7672793244580905,1673702,82618
DL,2026,1,278394.6649023510092847,1110959,75939
DL,2026,2,200964.6002037449187375,860545,72527
DL,2026,3,323811.1393472136816874,1333265,83519
DL,2026,4,225227.6543961449046859,894596,86220
DL,2026,5,268958.6042151287313570,1121085,90575
DL,2026,6,317922.5192239835230976,1219046,88966
DL,2026,7,533669.0514923317671453,1917893,91298
F9,2023,1,150713.1186034086169070,361149,12828
F9,2023,2,119668.8767100675348990,269356,12329
F9,2023,3,158578.7709963583855533,374359,14229
F9,2023,4,139543.8147110377396600,347924,13525
F9,2023,5,148886.8865366319868779,367891,13920
F9,2023,6,215967.1899180232395249,512843,13344
F9,2023,7,225816.2009447041263094,547863,14102
F9,2023,8,179169.2819624461522921,450562,14595
F9,2023,9,140124.6808864136972031,353915,15994
F9,2023,10,139044.3400997638477601,336186,17122
F9,2023,11,88992.6305177451806829,248321,15871
F9,2023,12,102158.9263801040836279,268356,15600
F9,2024,1,124059.1146205102770446,342054,14045
F9,2024,2,81421.1389339283649620,214579,14112
F9,2024,3,209856.2768079168503812,508628,16833
F9,2024,4,180069.7771750977451869,453614,16778
F9,2024,5,218352.6008643962561860,511478,18117
F9,2024,6,219145.3103062383680004,561516,17952
F9,2024,7,212427.2965347562065019,539154,18516
F9,2024,8,191458.2922167846191224,482110,18158
F9,2024,9,116906.4150884382269577,296891,17186
F9,2024,10,128143.2102295526724085,319635,17241
F9,2024,11,129083.5374681025253644,301652,17389
F9,2024,12,126132.5915583065863928,317848,17155
F9,2025,1,115920.1763034571399379,317628,15110
F9,2025,2,121824.3600214998961351,325112,15213
F9,2025,3,139524.5385850133504214,392693,18429
F9,2025,4,145441.8679172082982285,393105,17213
F9,2025,5,154798.0173930725896094,447404,15836
F9,2025,6,199070.7442732122704390,532832,15522
F9,2025,7,194389.3905896186043717,538923,15893
F9,2025,8,159035.8113150802850832,404692,16396
F9,2025,9,85292.9560999191112247,249179,14820
F9,2025,10,114081.6153322595769531,329199,16838
F9,2025,11,135692.3907560298238689,362175,16691
F9,2025,12,168951.2700802172358048,455644,16231
F9,2026,1,123308.7867308042442259,354803,14817
F9,2026,2,89742.1323369101480627,267326,14826
F9,2026,3,189786.8265385465191558,530078,19428
F9,2026,4,145187.8153716890771085,388656,18268
F9,2026,5,125979.1646351152308763,345494,18289
F9,2026,6,165758.6286949580387716,466022,18662
F9,2026,7,231508.4934848160268405,615902,19714
G4,2023,1,77093.5748828562797461,204471,8478
G4,2023,2,60053.5023966106950797,161399,8428
G4,2023,3,138384.0960010865883952,312301,10945
G4,2023,4,94853.5786328772970114,266068,10314
G4,2023,5,54390.9039821739049561,158185,9382
G4,2023,6,109276.3271838297159644,287825,11383
G4,2023,7,140978.4072723132600814,378813,12025
G4,2023,8,70275.8761231266496134,190534,8706
G4,2023,9,42239.2564371656634607,116555,6855
G4,2023,10,56005.7059436887323176,150481,9600
G4,2023,11,51499.8229169560910449,123808,8926
G4,2023,12,62347.0274597587132484,158886,9383
G4,2024,1,64959.6520863619938863,188394,8366
G4,2024,2,50201.0879235988261647,142071,8460
G4,2024,3,89696.5758785808647117,235723,10941
G4,2024,4,48946.1889200478460366,132905,9215
G4,2024,5,68140.7851481387739747,169579,9513
G4,2024,6,112727.4791906082746336,267330,12043
G4,2024,7,133750.8571044144188697,338258,12419
G4,2024,8,82505.3349904595252550,207057,9016
G4,2024,9,33747.3575453057658383,94503,6721
G4,2024,10,40380.9702801849724032,119621,8588
G4,2024,11,41637.0469442255891863,108617,8742
G4,2024,12,115144.1410465637749846,304083,10858
G4,2025,1,77088.0672295203578355,201568,9206
G4,2025,2,90379.8462821253819252,225995,9249
G4,2025,3,114303.7466164741945360,265598,13247
G4,2025,4,77110.7862460592838603,182112,10894
G4,2025,5,94849.0242776882660973,234268,11040
G4,2025,6,161677.5960711748660266,362118,13676
G4,2025,7,158722.9809170724746791,395767,13855
G4,2025,8,91312.1335370265828683,260875,10461
G4,2025,9,36610.8159658743114571,97218,6914
G4,2025,10,73345.6680631803327417,186277,10438
G4,2025,11,71884.5504292616365659,181116,9540
G4,2025,12,123675.8877272532640978,298412,11372
G4,2026,1,76402.2693436046376707,189490,8716
G4,2026,2,65281.3628495067805977,180277,9000
G4,2026,3,129751.4413100998750577,339052,12269
G4,2026,4,73343.0421152743772068,192483,10288
G4,2026,5,94082.1906049092412078,261834,10533
G4,2026,6,163332.9533836033092678,397210,12551
G4,2026,7,164745.2388799326628768,399333,13184
HA,2023,1,28171.8991152420626338,85243,6616
HA,2023,2,35032.6976618091202471,88779,5944
HA,2023,3,61285.6681463859424903,130509,6762
HA,2023,4,69291.9665301639551379,140500,6550
HA,2023,5,83874.3974267584929311,161952,6712
HA,2023,6,30301.8491101322663878,69656,6742
HA,2023,7,23652.4420159761919120,78424,7022
HA,2023,8,22006.1262318812405920,68126,6905
HA,2023,9,13707.7656161961101083,43811,6646
HA,2023,10,32726.9855773616586387,80886,6796
HA,2023,11,18927.4965339542677918,52173,6550
HA,2023,12,20156.7752003880819044,55481,6597
HA,2024,1,37441.5095330940093361,90983,6475
HA,2024,2,26313.9671813201350007,72475,5992
HA,2024,3,16372.8845714174811811,41996,6414
HA,2024,4,25347.3269129717630245,57265,6285
HA,2024,5,34706.0091469227993590,72863,6478
HA,2024,6,21029.7318017916601434,53777,6547
HA,2024,7,21088.1037602406097573,62973,6756
HA,2024,8,15620.4553406940233877,49937,6720
HA,2024,9,10288.9940541379629635,36620,6417
HA,2024,10,16885.5519359658461315,45242,6503
HA,2024,11,13166.0873461530984648,36513,6393
HA,2024,12,19809.4432255877843033,60635,6653
HA,2025,1,30806.1107018272317594,74277,6540
HA,2025,2,23675.1396682901545734,59690,5983
HA,2025,3,28760.7104375666967800,68214,6689
HA,2025,4,19459.0354707803723790,59850,6495
HA,2025,5,13686.0016563759224141,54103,6958
HA,2025,6,21916.6116369586966793,75731,6821
HA,2025,7,26277.2147876459314481,87151,7010
HA,2025,8,14495.7311411403226949,61007,6924
HA,2025,9,11959.4099601435892812,48200,6412
HA,2025,10,23184.8864511755686066,84424,6562
HA,2025,11,19160.8583592509906668,69505,6294
HA,2025,12,41899.6931489408406133,122593,6647
MQ,2023,1,97787.0412122505595755,265903,18325
MQ,2023,2,64410.3112807218292719,176557,16770
MQ,2023,3,117860.0032200510774939,278189,19041
MQ,2023,4,100227.2356219009550401,245036,17733
MQ,2023,5,61775.2862781669311489,167493,17562
MQ,2023,6,107264.1761442902695037,256091,17027
MQ,2023,7,126991.1913487661884049,276887,19348
MQ,2023,8,87981.9993583389777229,214517,20179
MQ,2023,9,77588.1458470295142070,201393,18665
MQ,2023,10,77170.8915224992607689,200061,20035
MQ,2023,11,68809.0198385304386264,176178,19673
MQ,2023,12,66324.8365577568548663,171910,20337
MQ,2024,1,167005.4429284951671290,399158,19740
MQ,2024,2,51771.7564787684683350,155267,20045
MQ,2024,3,119393.3492919116265249,288548,22386
MQ,2024,4,126245.2825471362290550,302324,22752
MQ,2024,5,267481.2192647843892618,634477,23574
MQ,2024,6,235953.4013074609078735,491375,24645
MQ,2024,7,230270.5871191487589219,507101,25769
MQ,2024,8,140452.5766319329694945,331259,25679
MQ,2024,9,77358.6195742699036470,209745,23438
MQ,2024,10,51489.3122669512566518,148569,23488
MQ,2024,11,68049.3208649138010680,190131,21596
MQ,2024,12,129969.9232622489310540,338606,22205
MQ,2025,1,100053.1783496264468606,298231,20831
MQ,2025,2,85033.9119004947967524,252132,19609
MQ,2025,3,116012.8866840528912037,317620,23294
MQ,2025,4,132858.1903530416034393,344375,23682
MQ,2025,5,140813.3336596616927723,371620,24874
MQ,2025,6,204389.0659082176829385,467332,26293
MQ,2025,7,213379.4912867241985466,468786,26752
MQ,2025,8,167441.1760420943445837,378708,26066
MQ,2025,9,105240.0744776947545976,267916,24914
MQ,2025,10,136058.1145730344891161,309738,27169
MQ,2025,11,115293.6558268878535659,305648,23420
MQ,2025,12,181042.0478377542492319,405184,24931
MQ,2026,1,128492.3936862326332515,341875,22926
MQ,2026,2,97567.9193910416736973,242551,22513
MQ,2026,3,162960.8242477539235276,407100,25792
MQ,2026,4,160057.7746799132997187,374754,26502
MQ,2026,5,146490.3708890139124854,366570,28212
MQ,2026,6,208601.1114099543571364,485754,28100
MQ,2026,7,180106.7219300022287587,447885,29270
NK,2023,1,175919.6218745576568609,456353,21348
NK,2023,2,132290.4048625852328845,365725,19895
NK,2023,3,234151.9688779274962803,583126,22197
NK,2023,4,249921.9468530511954684,634750,21887
NK,2023,5,138061.2891084246241342,392210,22279
NK,2023,6,258548.5945097505194695,678974,20353
NK,2023,7,235300.5143190710504325,647981,20650
NK,2023,8,200786.5561444971595280,554976,21149
NK,2023,9,135406.2232381875715385,357295,20643
NK,2023,10,108260.9876257817740841,286022,22909
NK,2023,11,148594.5233995277466916,367218,23067
NK,2023,12,152894.2508001422097069,358437,22461
NK,2024,1,135642.3507913714870275,365453,20081
NK,2024,2,115218.9121808479072780,283453,19765
NK,2024,3,198211.1748252384031294,465153,22459
NK,2024,4,103309.0594323857061306,272007,21723
NK,2024,5,197499.3368439829484461,488566,22951
NK,2024,6,197527.0526784514273198,468356,22770
NK,2024,7,291691.8808164029233755,676452,23436
NK,2024,8,238071.0983013743416091,568088,23634
NK,2024,9,92286.4838056724791874,242777,20147
NK,2024,10,85350.4775247371946338,211212,20733
NK,2024,11,67183.8038792535451298,187064,19391
NK,2024,12,110819.4806425923472077,301735,18543
NK,2025,1,61128.7653285986505197,194630,16946
NK,2025,2,79806.2786117136771211,224016,16041
NK,2025,3,114085.0470011965347005,300660,19577
NK,2025,4,89131.3609982341659293,243374,18195
NK,2025,5,131234.6475187735772610,357164,17481
NK,2025,6,113165.8840984184869239,336453,17329
NK,2025,7,109363.1123129781747677,345438,16924
NK,2025,8,100393.4037456744078275,296549,16999
NK,2025,9,63131.5939395491408326,196356,14884
NK,2025,10,58966.0340757672453191,200763,13958
NK,2025,11,72717.5702677920751923,200321,11513
NK,2025,12,118572.2232476827291242,308456,11344
NK,2026,1,79719.7384652759801426,219948,11047
NK,2026,2,92549.0359745156479160,253525,10579
NK,2026,3,151902.8507592638397389,438947,11575
NK,2026,4,80544.0659272079981099,253035,10096
NK,2026,5,2643.0440592477592095,6973,304
OH,2023,1,61782.6222168752534410,172680,15165
OH,2023,2,34609.0612456776904562,124943,13971
OH,2023,3,58511.3009241874375216,182872,16249
OH,2023,4,67889.8392003622046603,187546,15843
OH,2023,5,44063.4258252708456309,134660,15971
OH,2023,6,130628.9200611881687315,338789,16418
OH,2023,7,152323.7365665275775457,412789,16309
OH,2023,8,95742.0993685585702149,250918,16398
OH,2023,9,70195.4648226900702638,213203,15907
OH,2023,10,57751.5618552310654447,181722,16712
OH,2023,11,58465.7417210568794566,150850,16101
OH,2023,12,61211.9432861809043490,187871,16028
OH,2024,1,148658.9463945408993372,377095,15539
OH,2024,2,52081.1588366740981656,140340,15606
OH,2024,3,82998.3478494227115365,219842,17276
OH,2024,4,125860.9278773131356078,341489,18427
OH,2024,5,180452.9447476601345088,449371,18579
OH,2024,6,114382.1620472300180738,298313,18268
OH,2024,7,280804.8691078295754484,668108,19217
OH,2024,8,175473.1731856019873640,469016,20040
OH,2024,9,143255.3601974062732180,375806,19480
OH,2024,10,83525.2227249571384158,256326,21016
OH,2024,11,68408.3301140325253470,188943,19608
OH,2024,12,208776.6135452022568619,505598,20617
OH,2025,1,171654.2519337925414126,447786,19151
OH,2025,2,247239.7547581772513437,599483,17465
OH,2025,3,182375.5421663723396668,482153,21042
OH,2025,4,190379.6553896186811288,460596,20818
OH,2025,5,235598.3505300086916733,597193,21070
OH,2025,6,280877.0267253969236370,727491,19625
OH,2025,7,245664.6131174282420105,671932,19614
OH,2025,8,172536.3424715112446142,450193,19849
OH,2025,9,100864.0310790983328366,266512,19023
OH,2025,10,116686.7289547944605094,295907,20297
OH,2025,11,179321.8827296400240984,444713,18971
OH,2025,12,316445.1718832896276384,707131,19757
OH,2026,1,159828.0354992658451361,432276,17247
OH,2026,2,175375.6568226124385315,423957,16780
OH,2026,3,233410.9866110668739471,597897,19279
OH,2026,4,179834.4428073089270376,450096,20225
OH,2026,5,149523.8723731056323481,398287,20383
OH,2026,6,205243.2377440315226484,557982,19346
OH,2026,7,308539.2101273567474885,798219,19973
OO,2023,1,305920.5957171113033381,922897,48378
OO,2023,2,258150.3565875618112155,757703,48980
OO,2023,3,296077.6571766760012200,855725,56611
OO,2023,4,188630.3554706509861585,633938,55081
OO,2023,5,158709.5294928106880539,557804,55855
OO,2023,6,244426.1827792891167458,779604,55545
OO,2023,7,264111.5891105979288531,853395,56262
OO,2023,8,230960.0840808770415651,770518,57528
OO,2023,9,237125.5071423562973106,761228,58909
OO,2023,10,222096.7676266355952109,709942,59443
OO,2023,11,208290.7621180427306115,645543,56952
OO,2023,12,239131.9720577471349087,771891,55317
OO,2024,1,468767.6389303061904305,1316481,54206
OO,2024,2,247413.0279065230432712,757730,52397
OO,2024,3,239168.1566693185511515,697679,55273
OO,2024,4,245307.3931467675358944,801625,59093
OO,2024,5,392852.1345612366405910,1172668,61058
OO,2024,6,404008.3277517802860786,1200769,61112
OO,2024,7,407158.3768823517374504,1106338,63182
OO,2024,8,366916.8526937420641559,1075046,64914
OO,2024,9,240715.6615588628831767,735685,64418
OO,2024,10,269277.3615282041057007,789510,68834
OO,2024,11,343796.9428868923622547,949528,63955
OO,2024,12,498594.1912940460514134,1284518,65444
OO,2025,1,425668.2945980271735622,1172101,63502
OO,2025,2,426355.9159213737669576,1188260,58562
OO,2025,3,419332.3679493159455171,1154139,69177
OO,2025,4,338007.6749120661874095,993087,68451
OO,2025,5,382566.9426919956700004,1127711,72120
OO,2025,6,595104.7596725848815945,1680110,72751
OO,2025,7,601744.3132649266501401,1658379,74475
OO,2025,8,455830.6766991235075007,1301095,73108
OO,2025,9,272287.1549012515462317,787242,68999
OO,2025,10,325711.1054545971625142,947601,71631
OO,2025,11,369379.5142241194745755,1039589,65221
OO,2025,12,789483.4840123151375501,2031874,67204
OO,2026,1,544103.0519703243019428,1527220,63708
OO,2026,2,484405.1044968532078914,1289753,61144
OO,2026,3,606478.2667674653909766,1628424,70547
OO,2026,4,444011.5678675592055811,1288339,71589
OO,2026,5,453595.3193866950642595,1293622,75144
OO,2026,6,507203.6273641602062889,1385477,72322
OO,2026,7,570659.7761793731602213,1618535,75556
UA,2023,1,259794.1273700331893431,965414,56102
UA,2023,2,170038.2157666310097650,732431,52926
UA,2023,3,224233.1861680022222596,904553,61079
UA,2023,4,253116.8101624396382061,1065143,56571
UA,2023,5,223088.4210080655997598,959598,61616
UA,2023,6,426706.6700876165924754,1639435,58791
UA,2023,7,464568.4307631704080985,1722936,62271
UA,2023,8,231261.1763699232430378,945465,65807
UA,2023,9,170506.3516849001470731,822837,61707
UA,2023,10,114825.0283722776884654,541214,65695
UA,2023,11,77273.2012775265653038,405992,57785
UA,2023,12,107743.2182595646467105,536116,59682
UA,2024,1,244812.2624042688241913,1019189,54003
UA,2024,2,145100.8186749457643510,682304,56375
UA,2024,3,199359.2730673909907016,857459,64467
UA,2024,4,194312.1011198860684860,823256,60539
UA,2024,5,377871.4502833671058565,1387280,63080
UA,2024,6,298022.2904129877923825,1191765,61961
UA,2024,7,425399.2659616439577250,1585799,62691
UA,2024,8,273181.3190443774676794,1195557,64253
UA,2024,9,106118.6303038581732572,557015,63789
UA,2024,10,97542.0535887195940141,516822,67775
UA,2024,11,177661.5785876523176056,774604,63315
UA,2024,12,180236.6326873515362197,867270,63570
UA,2025,1,152000.2284306975037922,731405,60668
UA,2025,2,165013.2887923416917885,776853,57349
UA,2025,3,190261.2605055204215944,855125,66617
UA,2025,4,205608.4465310952800685,920394,63799
UA,2025,5,282443.5652177095067241,1334493,67013
UA,2025,6,321481.6101894762411506,1406573,65574
UA,2025,7,428300.3319245817776550,1877497,68051
UA,2025,8,258130.8346255294389720,1244842,67885
UA,2025,9,157837.8949017172086970,781795,67231
UA,2025,10,162555.4288979010187990,878399,71122
UA,2025,11,254367.7459580736656102,1120367,65615
UA,2025,12,273560.9444623134834429,1098929,65453
UA,2026,1,165372.9715847481406515,804723,62176
UA,2026,2,131856.9059094077803101,652733,58740
UA,2026,3,299923.0069270979238761,1265367,69418
UA,2026,4,169285.7110814785275798,862295,68905
UA,2026,5,236970.2332144237363659,1045262,73698
UA,2026,6,332205.4587411530950099,1450224,72045
UA,2026,7,350944.8035201964419010,1677567,72446
WN,2023,1,772069.8153666955365682,1390074,108999
WN,2023,2,433363.3605727109596006,814239,99163
WN,2023,3,861366.6166318292046611,1530195,116666
WN,2023,4,934693.5706286080634489,1646017,114413
WN,2023,5,756976.2294404188633889,1324759,121646
WN,2023,6,1150353.2615744635352280,2024467,118075
WN,2023,7,1356547.0431507384775430,2380557,124840
WN,2023,8,849526.1229638624516747,1512228,123310
WN,2023,9,668322.4293016911779387,1282344,116965
WN,2023,10,777683.6442295136646496,1308675,128169
WN,2023,11,504091.3433125705761910,840426,122203
WN,2023,12,693360.5172062996889320,1180743,126789
WN,2024,1,777679.9577155716712784,1485565,111613
WN,2024,2,499138.7535887970978179,949399,104603
WN,2024,3,973300.4526596161197560,1710616,123905
WN,2024,4,799168.7682275732551276,1390737,119903
WN,2024,5,1284562.4343965068023178,2244783,121237
WN,2024,6,1103273.1183225635828865,1895526,123048
WN,2024,7,1255869.7944727268354444,2205749,126291
WN,2024,8,767676.2374514405225195,1423250,117017
WN,2024,9,500305.2052626757136889,854342,111925
WN,2024,10,500977.3164017721178854,838058,117570
WN,2024,11,462162.3694867564363625,779890,112068
WN,2024,12,893348.5472539436149829,1441992,115417
WN,2025,1,465375.5322968337168048,898551,102120
WN,2025,2,554734.5295520324420908,1014806,99506
WN,2025,3,792733.3580250571856636,1398160,121118
WN,2025,4,822530.0846438340711390,1385997,116840
WN,2025,5,983672.8503739720722757,1766777,118884
WN,2025,6,1274746.5492666339086082,2210706,121152
WN,2025,7,1380732.3434879850297790,2507062,123527
WN,2025,8,807530.4294703532059586,1481420,113679
WN,2025,9,596615.5502008859310142,1077562,109889
WN,2025,10,963288.2003265350362491,1514988,121092
WN,2025,11,865298.3265941460986612,1396481,111817
WN,2025,12,1082509.8215951614926530,1674963,117213
WN,2026,1,437163.4479093689004797,832312,101120
WN,2026,2,605786.1114049608165961,992554,99578
WN,2026,3,1160329.6780484197316599,1897706,120102
WN,2026,4,868680.0815472200422592,1364329,117330
WN,2026,5,1180452.9373610680675117,1884783,119852
WN,2026,6,1530367.8284033239849604,2407443,119743
WN,2026,7,1416963.7692680308960041,2297831,122864
YX,2023,1,97327.9478085443415685,264395,24049
YX,2023,2,71485.8629933055103920,202783,23305
YX,2023,3,69969.4343115423075414,229471,27407
YX,2023,4,103226.5903939199734073,305213,26330
YX,2023,5,29300.2579628601881977,117551,26488
YX,2023,6,96011.3275926134156444,309311,22289
YX,2023,7,131138.9284357685481363,448229,22650
YX,2023,8,67135.5774969761567830,206802,23906
YX,2023,9,81636.7280707609580495,278767,23068
YX,2023,10,32064.0057319750296108,102960,23561
YX,2023,11,17925.1333873548700198,73747,21986
YX,2023,12,34267.7326858251626033,119937,21449
YX,2024,1,103543.1921116134507734,291683,21805
YX,2024,2,33382.1557473044183488,107232,21274
YX,2024,3,43394.5887280488934075,137868,24253
YX,2024,4,63762.7263026939531297,196824,23592
YX,2024,5,104323.4530426570786965,298561,25194
YX,2024,6,91129.2894792276934714,321930,23674
YX,2024,7,161874.1588651595709227,466780,24803
YX,2024,8,118425.8137700332916859,384698,23996
YX,2024,9,47797.1789912874691377,153333,25312
YX,2024,10,38822.8071445296020295,130552,27103
YX,2024,11,74717.9360190161924155,214643,27244
YX,2024,12,122350.4918166941383180,316422,27056
YX,2025,1,90129.1965127906479015,254792,26683
YX,2025,2,142514.0446366934869094,373869,24532
YX,2025,3,111741.7086884900070316,322082,28422
YX,2025,4,98247.9004460398951165,293624,28107
YX,2025,5,184151.8772305423170847,512276,27269
YX,2025,6,236720.0420225736098725,621810,27508
YX,2025,7,239237.9005957116079650,681280,27563
YX,2025,8,135063.3736338151871994,369156,29384
YX,2025,9,121587.2348495585350859,339635,27844
YX,2025,10,200083.2136065198118139,477890,29792
YX,2025,11,208670.2029339024877179,500743,27742
YX,2025,12,328561.2507526664217784,708259,29197
YX,2026,1,158772.1826486077190687,394244,27112
YX,2026,2,143727.2206408072011503,332433,25511
YX,2026,3,249694.9453061155470373,624522,29791
YX,2026,4,168972.3670273018127144,394686,30616
YX,2026,5,141814.0302045599879624,351318,31676
YX,2026,6,174134.6993466705154183,468201,29730
YX,2026,7,237743.0636101807382473,654564,28919
