Metric,Over the flights,Over the mart
scheduled flights,count(*),sum(scheduled)
cancellation rate,avg(cancelled::int),sum(cancelled) / sum(scheduled)
completion factor,1 - avg(cancelled::int),1 - sum(cancelled) / sum(scheduled)
diversion rate,avg(diverted::int),sum(diverted) / sum(scheduled)
on time rate,avg((arr_delay < 15)::int) filter (where not cancelled and not diverted),sum(on_time) / sum(flown)
mean arrival delay,avg(arr_delay) filter (where not cancelled and not diverted),sum(arr_delay_sum) / sum(flown)
median arrival delay,"quantile_disc(least(greatest(arr_delay, -60), 300), 0.5) filter (where not cancelled and not diverted and arr_delay is not null)",median_from_histogram
mean scheduled block,avg(crs_elapsed) filter (where not cancelled and not diverted),sum(crs_elapsed_sum) / sum(flown)
mean actual block,avg(actual_elapsed) filter (where not cancelled and not diverted),sum(actual_elapsed_sum) / sum(flown)
mean padding,avg(padding),sum(padding_sum) / sum(padding_flights)
padding share,sum(padding) / sum(crs_elapsed) filter (where padding is not null),sum(padding_sum) / sum(padding_block_sum)
reported late aircraft share,sum(cause_late_aircraft) filter (where cause_ok) / sum(cause_late_aircraft + cause_carrier + cause_nas + cause_weather + cause_security) filter (where cause_ok),sum(cause_late_aircraft_sum) / (sum(cause_late_aircraft_sum) + sum(cause_carrier_sum) + sum(cause_nas_sum) + sum(cause_weather_sum) + sum(cause_security_sum))
reported carrier share,sum(cause_carrier) filter (where cause_ok) / sum(cause_late_aircraft + cause_carrier + cause_nas + cause_weather + cause_security) filter (where cause_ok),sum(cause_carrier_sum) / (sum(cause_late_aircraft_sum) + sum(cause_carrier_sum) + sum(cause_nas_sum) + sum(cause_weather_sum) + sum(cause_security_sum))
reported nas share,sum(cause_nas) filter (where cause_ok) / sum(cause_late_aircraft + cause_carrier + cause_nas + cause_weather + cause_security) filter (where cause_ok),sum(cause_nas_sum) / (sum(cause_late_aircraft_sum) + sum(cause_carrier_sum) + sum(cause_nas_sum) + sum(cause_weather_sum) + sum(cause_security_sum))
reported weather share,sum(cause_weather) filter (where cause_ok) / sum(cause_late_aircraft + cause_carrier + cause_nas + cause_weather + cause_security) filter (where cause_ok),sum(cause_weather_sum) / (sum(cause_late_aircraft_sum) + sum(cause_carrier_sum) + sum(cause_nas_sum) + sum(cause_weather_sum) + sum(cause_security_sum))
reported security share,sum(cause_security) filter (where cause_ok) / sum(cause_late_aircraft + cause_carrier + cause_nas + cause_weather + cause_security) filter (where cause_ok),sum(cause_security_sum) / (sum(cause_late_aircraft_sum) + sum(cause_carrier_sum) + sum(cause_nas_sum) + sum(cause_weather_sum) + sum(cause_security_sum))
inherited share,sum(inherited_minutes) / sum(arr_delay_pos),sum(inherited_minutes_sum) / sum(arr_delay_pos_sum)
