Condition,Padding error,Changepoint date error,Rho bias,Rho coverage,Inherited share error,Raw rank correlation,Adjusted rank correlation,Bunching false positives,Bunching power,Weather share error,Weather coverage,Detector precision
"confounding moderate, propagation strong, noise high",1.136995733,1.725119048,-0.01569508634,0.0,-0.01664178687,0.1607142857,0.9261904762,0.0,1.0,-0.0004052184619,0.95,0.4357671117
"confounding moderate, propagation strong, noise low",0.5052484353,1.725119048,-0.01114757276,0.1,-0.01714256228,0.1035714286,0.95,0.0,1.0,0.001442401246,0.95,0.4529956573
"confounding moderate, propagation weak, noise high",1.135691697,1.725119048,0.01350146377,0.05,-0.007342576388,0.194047619,0.9583333333,0.0,1.0,-0.001913442093,0.95,0.4478003018
"confounding moderate, propagation weak, noise low",0.5057895935,1.725119048,0.009412944716,0.3,-0.009755595408,0.1142857143,0.9654761905,0.0,1.0,0.0002271168933,1.0,0.4775550854
"confounding none, propagation strong, noise high",1.137997282,1.725119048,-0.01692992159,0.0,-0.01682399994,0.7523809524,0.9678571429,0.0,1.0,-0.0003514578564,0.95,0.4286180604
"confounding none, propagation strong, noise low",0.505641957,1.725119048,-0.0120996567,0.05,-0.01711859901,0.7476190476,0.9726190476,0.0,1.0,0.00215498004,1.0,0.4516724305
"confounding none, propagation weak, noise high",1.137679532,1.725119048,0.01259331817,0.05,-0.007508868382,0.7523809524,0.9761904762,0.0,1.0,-0.002141412744,0.95,0.4397995726
"confounding none, propagation weak, noise low",0.5066355585,1.725119048,0.009086375876,0.35,-0.009502490595,0.7464285714,0.9761904762,0.0,1.0,0.0008824761776,1.0,0.4676833745
"confounding strong, propagation strong, noise high",1.132980768,1.725119048,-0.01464999234,0.0,-0.01611913803,-0.05476190476,0.9071428571,0.0,1.0,-0.0003617051881,0.95,0.4315476589
"confounding strong, propagation strong, noise low",0.5039989031,1.725119048,-0.01033599334,0.1,-0.01680927434,-0.09880952381,0.9392857143,0.0,1.0,0.002521903529,1.0,0.4497294967
"confounding strong, propagation weak, noise high",1.133016872,1.725119048,0.01440493166,0.05,-0.007064465468,-0.02142857143,0.9404761905,0.0,1.0,-0.001914915858,0.95,0.4434717619
"confounding strong, propagation weak, noise low",0.5038991926,1.725119048,0.01015789559,0.25,-0.009265980383,-0.0880952381,0.955952381,0.0,1.0,0.0009890722495,1.0,0.4738459095
