file,year,month,rows,bytes,sha256,layout_matches_readme,contract
On_Time_Reporting_Carrier_On_Time_Performance_1987_present_2015_1.zip,2015,1,469968,23061477,8868b27abf89df0440c74701f915240617be3c64302e8de4a3f577dd4708ae76,1,6b8378acab1c1c00
On_Time_Reporting_Carrier_On_Time_Performance_1987_present_2015_2.zip,2015,2,429191,21229556,2a68ad83560b5ba5560cd4ea3eb53ab776bf3b43f3f5b259b6e8adb88837bfd1,1,6b8378acab1c1c00
On_Time_Reporting_Carrier_On_Time_Performance_1987_present_2015_3.zip,2015,3,504312,24808787,7cd3568901d5eb57ee5ed444924979e52ece01f1df99f186bfa97a782d5b5a01,1,6b8378acab1c1c00
On_Time_Reporting_Carrier_On_Time_Performance_1987_present_2015_4.zip,2015,4,485151,23625575,ed518452e9c630d587a7774ea74ca88e5127d758c9bc969ad22a11171146f698,1,6b8378acab1c1c00
On_Time_Reporting_Carrier_On_Time_Performance_1987_present_2015_5.zip,2015,5,496993,24332076,b0679c955296b26cb787f4648636842a1ccfbdaa2473fcb3bbed296aac986198,1,6b8378acab1c1c00
On_Time_Reporting_Carrier_On_Time_Performance_1987_present_2015_6.zip,2015,6,503897,25759795,792c315d7737a1186388ede08bb6f2a0c2d2e9a6efc2d2dd0c1a26fb511a82c0,1,6b8378acab1c1c00
On_Time_Reporting_Carrier_On_Time_Performance_1987_present_2015_7.zip,2015,7,520718,26205185,b675ccf0b763c6e181d1797da61b35b313657e4e6c16a0b9f91c4056e78f546d,1,6b8378acab1c1c00
On_Time_Reporting_Carrier_On_Time_Performance_1987_present_2015_8.zip,2015,8,510536,25727968,75d5d8c9bf30b0dcc9b3c681ed79216e127c4033a6c889f2e68b549153f481c0,1,6b8378acab1c1c00
On_Time_Reporting_Carrier_On_Time_Performance_1987_present_2015_9.zip,2015,9,464946,22575111,a2f1d7c2203e7c94429326cdae64607fbd11b144cf1376f55a42ac70fc0690de,1,6b8378acab1c1c00
On_Time_Reporting_Carrier_On_Time_Performance_1987_present_2015_10.zip,2015,10,486165,23879320,4f689e7b9e6410bcfd5ab91235e57523087e53ef4952d7261d1f164f244f08f7,1,6b8378acab1c1c00
On_Time_Reporting_Carrier_On_Time_Performance_1987_present_2015_11.zip,2015,11,467972,23598907,a0be321e409219daccf4e15e5caf993181b1ce47fd68e1e3e65998a8159f9ff7,1,6b8378acab1c1c00
On_Time_Reporting_Carrier_On_Time_Performance_1987_present_2015_12.zip,2015,12,479230,24458072,463af4e59bcdbc166a841280f3c26859b36af141c9c4c0d482ff15bda874b368,1,6b8378acab1c1c00
On_Time_Reporting_Carrier_On_Time_Performance_1987_present_2016_1.zip,2016,1,445827,22645736,b43b3fc96070a8611525e8afffc13ebe9611cb1f5e5dd60a038af7890cad1ca6,1,6b8378acab1c1c00
On_Time_Reporting_Carrier_On_Time_Performance_1987_present_2016_2.zip,2016,2,423889,21625501,5d970bde6fd575308c446d88321ed3f7ce948a065631b025fb52c55e488bb0d6,1,6b8378acab1c1c00
On_Time_Reporting_Carrier_On_Time_Performance_1987_present_2016_3.zip,2016,3,479122,24478430,e1470fa6fd0ccea8918c1bf40df24cd1ed3b50324cd92f2f49888f8a15dedc25,1,6b8378acab1c1c00
On_Time_Reporting_Carrier_On_Time_Performance_1987_present_2016_4.zip,2016,4,461630,23347686,d8da8ca68cfa9073e15f95bc71f9a1f781a8d02519b9ceb2fff3970eab9ccc3f,1,6b8378acab1c1c00
On_Time_Reporting_Carrier_On_Time_Performance_1987_present_2016_5.zip,2016,5,479358,23828963,410798763940aea213aff4b87d51e72807e4589f8ca2aa7a64ea2fb70a241832,1,6b8378acab1c1c00
On_Time_Reporting_Carrier_On_Time_Performance_1987_present_2016_6.zip,2016,6,487637,24791926,1265d9c22b2c3e3803424fc47b6836f9cad50060e6fe445590c26fc02451790e,1,6b8378acab1c1c00
On_Time_Reporting_Carrier_On_Time_Performance_1987_present_2016_7.zip,2016,7,502457,27269670,1c54e91116cd8809a58708e23c9f44902f6098f06c033c9fa358c1998421dd07,1,6b8378acab1c1c00
On_Time_Reporting_Carrier_On_Time_Performance_1987_present_2016_8.zip,2016,8,498347,26997150,3d50251088a6cd09e1ffae71207665a13e1e1d6d48505ee646f9a4838656b346,1,6b8378acab1c1c00
On_Time_Reporting_Carrier_On_Time_Performance_1987_present_2016_9.zip,2016,9,454878,24130587,bd8827b519c2f103a8cb60a19db0d96e0837466b4b863039aa1160e4721385f1,1,6b8378acab1c1c00
On_Time_Reporting_Carrier_On_Time_Performance_1987_present_2016_10.zip,2016,10,472626,24343522,b8e0b3e2c97a4b45a40e1c94970b369eb401d5b6b755d356cf831605e33db78e,1,6b8378acab1c1c00
On_Time_Reporting_Carrier_On_Time_Performance_1987_present_2016_11.zip,2016,11,450938,23494141,54fc94f0abcb2207c3f36b3067d870bb3f32c08c0647b4eb21abb8bedf65bbed,1,6b8378acab1c1c00
On_Time_Reporting_Carrier_On_Time_Performance_1987_present_2016_12.zip,2016,12,460949,24065817,42bdb4ee36dbdc2888ca2e1a85ea7f6a3bf65cc58e7206629dc42bf5d3127735,1,6b8378acab1c1c00
On_Time_Reporting_Carrier_On_Time_Performance_1987_present_2017_1.zip,2017,1,450017,23377636,b324cc73e75733c22f06305381a5986ceeb59343979536c53f580fbfb859bb92,1,6b8378acab1c1c00
On_Time_Reporting_Carrier_On_Time_Performance_1987_present_2017_2.zip,2017,2,410517,20985199,be95630d0a5602d0e7376596d84e871faa193cfdf4858a28a33851d5e3716363,1,6b8378acab1c1c00
On_Time_Reporting_Carrier_On_Time_Performance_1987_present_2017_3.zip,2017,3,488597,25582475,91abd03a7b162dc0a27786c72cea813fc5366694dc4ed503bbde06531fd76102,1,6b8378acab1c1c00
On_Time_Reporting_Carrier_On_Time_Performance_1987_present_2017_4.zip,2017,4,468329,24777834,75380f433c63f5924b2cc1152cac3c1cc14c551ec5adc1fd6dad5f9eacd0d9c8,1,6b8378acab1c1c00
On_Time_Reporting_Carrier_On_Time_Performance_1987_present_2017_5.zip,2017,5,486483,25724973,bdda27c302ef696510dcb737b0ece2d76f4ade8f23d2672c77ae71e2528ed28c,1,6b8378acab1c1c00
On_Time_Reporting_Carrier_On_Time_Performance_1987_present_2017_6.zip,2017,6,494266,26590778,1b3f1ed15862872e76645567314aac2259e478d7e9d9c58cd26ef4735371922e,1,6b8378acab1c1c00
On_Time_Reporting_Carrier_On_Time_Performance_1987_present_2017_7.zip,2017,7,509070,26793154,1fcdffe88c8c8d1d2e6c6179b36afe9b9f0dd23bba90af650b73f4c6791914a7,1,6b8378acab1c1c00
On_Time_Reporting_Carrier_On_Time_Performance_1987_present_2017_8.zip,2017,8,510451,27330600,f9bb54f2297e40382f78f6443882f300e8a97db3e80ddc1a34e416f3efa50cf9,1,6b8378acab1c1c00
On_Time_Reporting_Carrier_On_Time_Performance_1987_present_2017_9.zip,2017,9,458727,23799967,68530e9355bf3fd4500d43eaf0ce6cd8ed433fdac5666bfb7d21144c02918802,1,6b8378acab1c1c00
On_Time_Reporting_Carrier_On_Time_Performance_1987_present_2017_10.zip,2017,10,479797,25213844,1b59a7486e5fad4464951934144e61c329bc36195498158020cea02e69328921,1,6b8378acab1c1c00
On_Time_Reporting_Carrier_On_Time_Performance_1987_present_2017_11.zip,2017,11,454162,23400520,ca171bcb94f835369d68af28134bf3fc7673e52bece885e5c824d544b8bce9e2,1,6b8378acab1c1c00
On_Time_Reporting_Carrier_On_Time_Performance_1987_present_2017_12.zip,2017,12,464205,24829541,9f84e7a0022766463dc580cc8d1f7fe041724f39e471032dbb2aba517f464a84,1,6b8378acab1c1c00
On_Time_Reporting_Carrier_On_Time_Performance_1987_present_2018_1.zip,2018,1,570138,29202589,d9722f0134287273bfb3c4a44e17fe9ad330ee8aecf14fc0e0f7b9312f793fa3,1,6b8378acab1c1c00
On_Time_Reporting_Carrier_On_Time_Performance_1987_present_2018_2.zip,2018,2,520769,26783225,8f7f283402b784f61d33e91788a637ded6db296bda41a88536cfd8a2929b86fa,1,6b8378acab1c1c00
On_Time_Reporting_Carrier_On_Time_Performance_1987_present_2018_3.zip,2018,3,612034,30193999,8f39974ed7886cb8c1b54ce22867a50167bd4aa65922dd263135da88515ab52b,1,6b8378acab1c1c00
On_Time_Reporting_Carrier_On_Time_Performance_1987_present_2018_4.zip,2018,4,596078,30781043,d35e81cfce45a634a7cbee24762549d6c1d2812c457ecf5663a61b558c84112b,1,6b8378acab1c1c00
On_Time_Reporting_Carrier_On_Time_Performance_1987_present_2018_5.zip,2018,5,616573,31736637,2dc7e1aaf04e2decab5c16ff6120c9e6d74e432220ab4748e7ed70c2952f0bcc,1,6b8378acab1c1c00
On_Time_Reporting_Carrier_On_Time_Performance_1987_present_2018_6.zip,2018,6,626217,32226333,0e7a70532dac2088ab565cfc2d2cc6ce44e3c0df812445ecb3370855aa1a7638,1,6b8378acab1c1c00
On_Time_Reporting_Carrier_On_Time_Performance_1987_present_2018_7.zip,2018,7,645317,32887569,d3fcf16100dd59ed2f1a789dd52b0dd78050c341aaa46e40422b6618f360e271,1,6b8378acab1c1c00
On_Time_Reporting_Carrier_On_Time_Performance_1987_present_2018_8.zip,2018,8,637103,33006511,6aae45cee01d6dda1cb0612939ddcc5fe41371cf81b8a0ef42382b9f6a11607b,1,6b8378acab1c1c00
On_Time_Reporting_Carrier_On_Time_Performance_1987_present_2018_9.zip,2018,9,585765,29882599,32b9423c827b45ffe4569fce650d1e181982be246afa4c478b8ce885bf24908d,1,6b8378acab1c1c00
On_Time_Reporting_Carrier_On_Time_Performance_1987_present_2018_10.zip,2018,10,616128,31418901,fbe490583915f3fc715ac33ee2c5f467e29facef37be4d9ae6b4b7f36bcdf796,1,6b8378acab1c1c00
On_Time_Reporting_Carrier_On_Time_Performance_1987_present_2018_11.zip,2018,11,586231,29969446,409d05a88e646c21b635a7332bf4cc9eb570f62b376b11bfd81049218d1367f8,1,6b8378acab1c1c00
On_Time_Reporting_Carrier_On_Time_Performance_1987_present_2018_12.zip,2018,12,593842,30387123,c5269bc44df690600221d62b31614ad96799bb81e20693d9e9b976f9deefdcde,1,6b8378acab1c1c00
On_Time_Reporting_Carrier_On_Time_Performance_1987_present_2019_1.zip,2019,1,583985,29527308,e0d43e9fca6a298a0f67886e15ad3c2a6641fd0e064e7c93a826e827190ace2d,1,6b8378acab1c1c00
On_Time_Reporting_Carrier_On_Time_Performance_1987_present_2019_2.zip,2019,2,533175,27392090,f875de8d70c18229d0e0d1b2e8d7da83b8cfdf4daa10772256e74586859f5003,1,6b8378acab1c1c00
On_Time_Reporting_Carrier_On_Time_Performance_1987_present_2019_3.zip,2019,3,632074,31992570,cacf26234b805c20aa6fe6195616b4e4cdc64d190b684474171b9b045b2e670c,1,6b8378acab1c1c00
On_Time_Reporting_Carrier_On_Time_Performance_1987_present_2019_4.zip,2019,4,612023,31115601,6da5230e97bfa1fff7526f7100d3075a0872766ddf117a096dc9d2d2b409ae3e,1,6b8378acab1c1c00
On_Time_Reporting_Carrier_On_Time_Performance_1987_present_2019_5.zip,2019,5,636390,32950743,31ba30855fa8e1633e4d2da04a506f7076276b8b684ef553f756a31297d5b15e,1,6b8378acab1c1c00
On_Time_Reporting_Carrier_On_Time_Performance_1987_present_2019_6.zip,2019,6,636691,33597362,22baf5bd22a7ecb94d853b4c99563ff076a9262d62c6f137124d1e056a17172d,1,6b8378acab1c1c00
On_Time_Reporting_Carrier_On_Time_Performance_1987_present_2019_7.zip,2019,7,659029,34226844,60cc698891cc7a074e226d0c2765fab7186884381ee5bb7f8fd120a14a7fcce4,1,6b8378acab1c1c00
On_Time_Reporting_Carrier_On_Time_Performance_1987_present_2019_8.zip,2019,8,658461,34112844,bfe19fa8fd705998288952234375401909c3a6f4b16aa71431940183120b0f50,1,6b8378acab1c1c00
On_Time_Reporting_Carrier_On_Time_Performance_1987_present_2019_9.zip,2019,9,605979,30508709,7673b6d53aa11ea08ae03a74e05c8453301c32d6ba77b62a4f3b93a0e28359fb,1,6b8378acab1c1c00
On_Time_Reporting_Carrier_On_Time_Performance_1987_present_2019_10.zip,2019,10,636014,32419572,6da37bf93019ac332754da90d440da2c9e8b2c20372eaf32db78bc736cab34ce,1,6b8378acab1c1c00
On_Time_Reporting_Carrier_On_Time_Performance_1987_present_2019_11.zip,2019,11,602453,31005144,6ec48d19a3d4813c96b4a96c0cdf9385ade530cc20b193b63ec607bb032de916,1,6b8378acab1c1c00
On_Time_Reporting_Carrier_On_Time_Performance_1987_present_2019_12.zip,2019,12,625763,33113829,e146e2068c0608622adb028a145efa8abc918c5b7b77a004dd438e9ba11e6a8b,1,6b8378acab1c1c00
On_Time_Reporting_Carrier_On_Time_Performance_1987_present_2020_1.zip,2020,1,607346,30636034,51a1c727d71039822139e3c507c25a49fb94b31c2a025e8a1c5ffea7577d37d1,1,6b8378acab1c1c00
On_Time_Reporting_Carrier_On_Time_Performance_1987_present_2020_2.zip,2020,2,574268,29495988,6596cd3c1ff9cb9cfd51dbe60012b79167d89c72ba20918ded71b8b830608853,1,6b8378acab1c1c00
On_Time_Reporting_Carrier_On_Time_Performance_1987_present_2020_3.zip,2020,3,648229,30370031,c3f6a248d2d16a805c8108d88563fa95e841c67d9626756c34e67c9bc12e4c7c,1,6b8378acab1c1c00
On_Time_Reporting_Carrier_On_Time_Performance_1987_present_2020_4.zip,2020,4,313382,12878743,5f8b91120234f4298e59d159a26f9d10df6503707f6c0c83bd4fedf60456cdb6,1,6b8378acab1c1c00
On_Time_Reporting_Carrier_On_Time_Performance_1987_present_2020_5.zip,2020,5,180617,8640843,7ea09b2420fcdc3106292c396019c7992072844674e069080d9d2b2bf293c899,1,6b8378acab1c1c00
On_Time_Reporting_Carrier_On_Time_Performance_1987_present_2020_6.zip,2020,6,223732,10599043,1ad82d56670b360d02a22567b333d82ce0a72ba0c5fc4433c985f3a1fa1ec25a,1,6b8378acab1c1c00
On_Time_Reporting_Carrier_On_Time_Performance_1987_present_2020_7.zip,2020,7,352888,16735556,3307d8a06f3f10610e2bf2bf1d4a60a74f53c5340d490c8d0487d8854d96a04e,1,6b8378acab1c1c00
On_Time_Reporting_Carrier_On_Time_Performance_1987_present_2020_8.zip,2020,8,376715,18096690,3670b6c598f5af4452051261ba05094a67c83a3fd72efe309a5afeeb993902b0,1,6b8378acab1c1c00
On_Time_Reporting_Carrier_On_Time_Performance_1987_present_2020_9.zip,2020,9,323347,15606322,e2f708c5acd4fceaeb4de528061703bac632727d0a3d714bb4fcc10007515a52,1,6b8378acab1c1c00
On_Time_Reporting_Carrier_On_Time_Performance_1987_present_2020_10.zip,2020,10,352106,16897944,084f98e07f9cbe77d8fdbdc983ed6a4333b71f5782d6be9dfe7dbe349a3ddc3b,1,6b8378acab1c1c00
On_Time_Reporting_Carrier_On_Time_Performance_1987_present_2020_11.zip,2020,11,364367,17835131,f1c4ab06ffb77f39286010f689cc3f274b45a7e8243a4f8c451be037299252b3,1,6b8378acab1c1c00
On_Time_Reporting_Carrier_On_Time_Performance_1987_present_2020_12.zip,2020,12,371357,18544493,f83766cf64df6a7c9868eae409187babc48d63358136989387f0589a90d7c30e,1,6b8378acab1c1c00
On_Time_Reporting_Carrier_On_Time_Performance_1987_present_2021_1.zip,2021,1,361428,17937103,058bc6f1f017824ebdbbd2ce3da4d5eafd6f4ca58ad823bcce8511434cbdb864,1,6b8378acab1c1c00
On_Time_Reporting_Carrier_On_Time_Performance_1987_present_2021_2.zip,2021,2,332468,16566293,d3cd897cf27c0c082abc3f45483e3bc8ceec86241c3569b575d3d0a86b1d75ca,1,6b8378acab1c1c00
On_Time_Reporting_Carrier_On_Time_Performance_1987_present_2021_3.zip,2021,3,444476,22052696,9ca9cab885ac61e2a7d61541474f5d302dab56aca5049ce79f5147608daf105e,1,6b8378acab1c1c00
On_Time_Reporting_Carrier_On_Time_Performance_1987_present_2021_4.zip,2021,4,450637,22456535,24801da98cf769b61dc3e6ed7a978d6891124f38a2b6d4965d791664753be163,1,6b8378acab1c1c00
On_Time_Reporting_Carrier_On_Time_Performance_1987_present_2021_5.zip,2021,5,495544,24793587,f7c1bc0e3f8fca8236dd1b19920d9f4240b1bff1f582b1576fab08b81372b037,1,6b8378acab1c1c00
On_Time_Reporting_Carrier_On_Time_Performance_1987_present_2021_6.zip,2021,6,546124,28441672,6fd695a0fb6fced47d1a0f046088fe38b19ae88e5627266a7d509a596d827a99,1,6b8378acab1c1c00
On_Time_Reporting_Carrier_On_Time_Performance_1987_present_2021_7.zip,2021,7,583258,30524039,756b7b741cfce3d7531435e5a67005241688b591cb7281994fd189685ddd43bd,1,6b8378acab1c1c00
On_Time_Reporting_Carrier_On_Time_Performance_1987_present_2021_8.zip,2021,8,579179,30286200,c46387fe04caed6a3a5118962499c32a02552edac3986f305ebbb994e89b169b,1,6b8378acab1c1c00
On_Time_Reporting_Carrier_On_Time_Performance_1987_present_2021_9.zip,2021,9,538051,27453392,6c883fa9768260f8d3cb65bcb5c9a19e5ba62ba74d69a281200ac9e49d22c369,1,6b8378acab1c1c00
On_Time_Reporting_Carrier_On_Time_Performance_1987_present_2021_10.zip,2021,10,564788,29062376,0cf734917438db10c46ddaea5af565f6ce9d01efd5f7f7dd58b506ed46a3a1e1,1,6b8378acab1c1c00
On_Time_Reporting_Carrier_On_Time_Performance_1987_present_2021_11.zip,2021,11,547559,28360983,2a809f9c05610a5d88fd1d8c0186028a7cafe1feb2dc0de1f92cbe501fa9888f,1,6b8378acab1c1c00
On_Time_Reporting_Carrier_On_Time_Performance_1987_present_2021_12.zip,2021,12,551885,29177719,7d2a51f0b91ac0e6ebcfd1fdc6003033e0c1db177a9ee94949763fa1c28f5e32,1,6b8378acab1c1c00
On_Time_Reporting_Carrier_On_Time_Performance_1987_present_2022_1.zip,2022,1,537902,27656931,ca1ae860eaa54f1f5dca6764ae594359bd13bee5a98a9e1d39082733e2fffeeb,1,6b8378acab1c1c00
On_Time_Reporting_Carrier_On_Time_Performance_1987_present_2022_2.zip,2022,2,495713,24207473,e9124a0af49f69fdf3354de28c929ed03ddf3e685b86820d08bff5230e786b8b,1,6b8378acab1c1c00
On_Time_Reporting_Carrier_On_Time_Performance_1987_present_2022_3.zip,2022,3,564853,27939418,90ed43e200ba70e19c9817c7e08125245518fd083815b348ec0799aff0fd00c5,1,6b8378acab1c1c00
On_Time_Reporting_Carrier_On_Time_Performance_1987_present_2022_4.zip,2022,4,556502,27701512,a6ebfb5e37929860fcb447a24b516972585bc922e459f9cb0c12b40ff1e22b60,1,6b8378acab1c1c00
On_Time_Reporting_Carrier_On_Time_Performance_1987_present_2022_5.zip,2022,5,578819,28677421,cf67d5b1da3fbdcea72a969ff3276a9eda8db6d03089e7704be1747ed8dce054,1,6b8378acab1c1c00
On_Time_Reporting_Carrier_On_Time_Performance_1987_present_2022_6.zip,2022,6,577283,28846680,c92a18dc11037422eab8131029e3f45c63509f1d491a0bc0d1212ab298b85265,1,6b8378acab1c1c00
On_Time_Reporting_Carrier_On_Time_Performance_1987_present_2022_7.zip,2022,7,594957,29564713,edcdae5b306b609ea0b821389e293ae04f3ff9d99fecee623b88e111ce4e9f1a,1,6b8378acab1c1c00
On_Time_Reporting_Carrier_On_Time_Performance_1987_present_2022_8.zip,2022,8,589810,29039357,e8903c63285608c34578805a33c66b96215d191ec3c350be4f4dc019d94c5b3e,1,6b8378acab1c1c00
On_Time_Reporting_Carrier_On_Time_Performance_1987_present_2022_9.zip,2022,9,557494,27239747,f158ff276b75d42e4e81a95a27ac7a452bf736269fd7012d3d2736bfb8954810,1,6b8378acab1c1c00
On_Time_Reporting_Carrier_On_Time_Performance_1987_present_2022_10.zip,2022,10,572287,27884935,4133e6e526a038cebeadb7858a5dc3711e859801ba78aacd0c51d2c0da14715e,1,6b8378acab1c1c00
On_Time_Reporting_Carrier_On_Time_Performance_1987_present_2022_11.zip,2022,11,546410,27124951,3a4343f5a2e59d000a9e69bda1888fbc0be6ab18d48076d20b44fb15b1895499,1,6b8378acab1c1c00
On_Time_Reporting_Carrier_On_Time_Performance_1987_present_2022_12.zip,2022,12,557095,27855593,93ef0f6ede001547b748ca3b20cabc26d7360d728fa73c32242a385a80688bd1,1,6b8378acab1c1c00
On_Time_Reporting_Carrier_On_Time_Performance_1987_present_2023_1.zip,2023,1,538837,27068766,327924faa362d360747e9e4cf37f461c877441916321754f1789fadd61fd403a,1,6b8378acab1c1c00
On_Time_Reporting_Carrier_On_Time_Performance_1987_present_2023_2.zip,2023,2,502749,24730977,bfa6eb7bebb53f10603110aa11bdebf00a89f51d870b331f6565181bb943ddbf,1,6b8378acab1c1c00
On_Time_Reporting_Carrier_On_Time_Performance_1987_present_2023_3.zip,2023,3,580322,28954576,1a61dce7c50e5c4f074ebff69a833840f4c6be4e71d4a4707be540ace9e6d58b,1,6b8378acab1c1c00
On_Time_Reporting_Carrier_On_Time_Performance_1987_present_2023_4.zip,2023,4,561441,27994592,adf3ecf6e3763a55c2acfc1fcf1c0ee0ac5a7ca079cb16cf15be5e39b921f7b4,1,6b8378acab1c1c00
On_Time_Reporting_Carrier_On_Time_Performance_1987_present_2023_5.zip,2023,5,579958,28333534,aec2e926b11e55f88dd0ac48b649492048b4eba0983f1a564e746546568185b4,1,6b8378acab1c1c00
On_Time_Reporting_Carrier_On_Time_Performance_1987_present_2023_6.zip,2023,6,577262,29075972,67dc6b993ba2e7c2175a874da7a8fbf12081c23c87523c0a5cd7d2f3e50450a1,1,6b8378acab1c1c00
On_Time_Reporting_Carrier_On_Time_Performance_1987_present_2023_7.zip,2023,7,601866,30208166,b1b73635dcb2add363bb001d95c3f951e0ce4fc32130cbc76b565a531ced2146,1,6b8378acab1c1c00
On_Time_Reporting_Carrier_On_Time_Performance_1987_present_2023_8.zip,2023,8,602987,29539237,d374aa3ec2b844d47c675d17cf71f2ade0af07b20670f9b8a2c6c1f5fe5d57bd,1,6b8378acab1c1c00
On_Time_Reporting_Carrier_On_Time_Performance_1987_present_2023_9.zip,2023,9,569338,28047499,4e7bc3f76857accd1d4e493f03fb5ba2c1f68e82496cf16fd61addf4d8464cfa,1,6b8378acab1c1c00
On_Time_Reporting_Carrier_On_Time_Performance_1987_present_2023_10.zip,2023,10,598968,29452902,a92cc51c6bb1e7fcf2732e27ac36ebbc92293acf8e3c0b33126abe28698ecf51,1,6b8378acab1c1c00
On_Time_Reporting_Carrier_On_Time_Performance_1987_present_2023_11.zip,2023,11,563777,27573257,9ad54595568704a1cb7d821908611c220cf36da4d9a5ccea03b4deb9053b5025,1,6b8378acab1c1c00
On_Time_Reporting_Carrier_On_Time_Performance_1987_present_2023_12.zip,2023,12,570394,28818502,c8391a3f06749b6ee4dec493fb7974f398b9d066a4e731c4cbb8932eddb774ce,1,6b8378acab1c1c00
On_Time_Reporting_Carrier_On_Time_Performance_1987_present_2024_1.zip,2024,1,547271,27573265,fe089b45523f9d4ac0ccd0e176a543d274e914ee5ae5bd384dbaafc7dc06ebfd,1,6b8378acab1c1c00
On_Time_Reporting_Carrier_On_Time_Performance_1987_present_2024_2.zip,2024,2,519221,25086854,8463683d100504a97847497d2f2281008fd9add9639bf7436a9747032df15f9a,1,6b8378acab1c1c00
On_Time_Reporting_Carrier_On_Time_Performance_1987_present_2024_3.zip,2024,3,591767,29313663,e2c5021406f480e813a52a2ed795c251eb1169613da6a416daf88236db8c9013,1,6b8378acab1c1c00
On_Time_Reporting_Carrier_On_Time_Performance_1987_present_2024_4.zip,2024,4,582185,28540589,d8b1e88626a7375d351962917fe5ec132660c1636dc8b91f778627c769e0e15a,1,6b8378acab1c1c00
On_Time_Reporting_Carrier_On_Time_Performance_1987_present_2024_5.zip,2024,5,609743,31139902,03e4ae26c2d1247de02d0b9a4d87160f8021718abf475a1421de9c45b7d68b04,1,6b8378acab1c1c00
On_Time_Reporting_Carrier_On_Time_Performance_1987_present_2024_6.zip,2024,6,611132,31226761,4f329439fd6892aaf89b32908191b2a007e70f775e2551181a22e704ef28a0ab,1,6b8378acab1c1c00
On_Time_Reporting_Carrier_On_Time_Performance_1987_present_2024_7.zip,2024,7,634613,34427174,4d992fee134137b3fa43094d7e8cf4a8e6feaa6a422cffb4063f1ed6c7f3f731,1,6b8378acab1c1c00
On_Time_Reporting_Carrier_On_Time_Performance_1987_present_2024_8.zip,2024,8,619025,30854511,58d651379af90cc44635657e95fe098567ff954046aec21d6d2cd18424a317f9,1,6b8378acab1c1c00
On_Time_Reporting_Carrier_On_Time_Performance_1987_present_2024_9.zip,2024,9,582622,28433978,c0df7503b0050ca46099dab1edfffa33464a0a1031ad712c542af6a4ecece24c,1,6b8378acab1c1c00
On_Time_Reporting_Carrier_On_Time_Performance_1987_present_2024_10.zip,2024,10,615497,29418453,a417136d6c1663736437dfeeacefa5b93b82e9db322c863c2f57b19bdd3f04fb,1,6b8378acab1c1c00
On_Time_Reporting_Carrier_On_Time_Performance_1987_present_2024_11.zip,2024,11,575404,28149354,26b6e89e7c1f66163a412380c743c648eb470a9017074de4efbd209f1e09860a,1,6b8378acab1c1c00
On_Time_Reporting_Carrier_On_Time_Performance_1987_present_2024_12.zip,2024,12,590581,30150370,a324577aa76d1f0aa36239f8010b6b5270fea0ff5ac846177753b76a42c5d01c,1,6b8378acab1c1c00
On_Time_Reporting_Carrier_On_Time_Performance_1987_present_2025_1.zip,2025,1,539747,27108664,868387dcedaef1b8d8392e608e642219fde50d594c3cf2094aec858167629ccf,1,6b8378acab1c1c00
On_Time_Reporting_Carrier_On_Time_Performance_1987_present_2025_2.zip,2025,2,504884,25302583,12dc8dbdb3c8b3c20d4c00a8b188196ae202f781a8760871ae502a9c733d0ecd,1,6b8378acab1c1c00
On_Time_Reporting_Carrier_On_Time_Performance_1987_present_2025_3.zip,2025,3,600872,30544825,9c80fbc2112cdbf3f0613ec2001ba019b3ad75511cd69657080736e7eda9cef4,1,6b8378acab1c1c00
On_Time_Reporting_Carrier_On_Time_Performance_1987_present_2025_4.zip,2025,4,583950,29369186,f3718431e988e2afd53a1714dfca37f67355b6fc06b02eb506bffa39300d608c,1,6b8378acab1c1c00
On_Time_Reporting_Carrier_On_Time_Performance_1987_present_2025_5.zip,2025,5,605648,30830593,17c3419d7169b313b2bc8ddd3fd57e1e2d4d959c35f2da17f6a5610d4bac7d63,1,6b8378acab1c1c00
On_Time_Reporting_Carrier_On_Time_Performance_1987_present_2025_6.zip,2025,6,611575,31131411,087b75e4e059516ca1181e58955d062f341933adb2706e5b2404ed10c9ecbdc6,1,6b8378acab1c1c00
On_Time_Reporting_Carrier_On_Time_Performance_1987_present_2025_7.zip,2025,7,631428,32208704,74309a3a734d5104b4c212390c06eb3acacff15124b9cea49ba7d69a609a0d19,1,6b8378acab1c1c00
On_Time_Reporting_Carrier_On_Time_Performance_1987_present_2025_8.zip,2025,8,602378,30864245,405668b8a807266236a635efbc1e9364abfb756db1a5c895e45abc9c7b7684f1,1,6b8378acab1c1c00
On_Time_Reporting_Carrier_On_Time_Performance_1987_present_2025_9.zip,2025,9,562439,28151630,adc722b1c14944451b20ddcdbeec69bbc092310ab8044f758b8f4b82fde8d017,1,6b8378acab1c1c00
On_Time_Reporting_Carrier_On_Time_Performance_1987_present_2025_10.zip,2025,10,605844,30723803,05d14d3fd67fa3e04b97c4d6bc7386f4a6c1cda13d2506cf0e9f0a6c620ed111,1,6b8378acab1c1c00
On_Time_Reporting_Carrier_On_Time_Performance_1987_present_2025_11.zip,2025,11,570550,28847755,6d5b68eea3ebb25f3cb2843e701a6c809b5455301b3bbd7802a20d522ed770c8,1,6b8378acab1c1c00
On_Time_Reporting_Carrier_On_Time_Performance_1987_present_2025_12.zip,2025,12,582304,30337431,a2af96d186bc9997fef47382b8589198281c9a722286d88f30032af8ee7dcd0f,1,6b8378acab1c1c00
On_Time_Reporting_Carrier_On_Time_Performance_1987_present_2026_1.zip,2026,1,544003,27312195,9ff58f560519dbc8fbd1b8b9fd2a172ca46d0a9e80f1df4fd48891efca41e89c,1,6b8378acab1c1c00
On_Time_Reporting_Carrier_On_Time_Performance_1987_present_2026_2.zip,2026,2,515037,25811524,a18b6de822a63bb881b55983ef039bf02a7cac046e9624e5c1b19b470a5e05cb,1,6b8378acab1c1c00
On_Time_Reporting_Carrier_On_Time_Performance_1987_present_2026_3.zip,2026,3,612102,31150791,c0864d5dabd522517976e29bb81f0c094d114e3e0e40cd51bc5a238ae4292b9d,1,6b8378acab1c1c00
On_Time_Reporting_Carrier_On_Time_Performance_1987_present_2026_4.zip,2026,4,597919,30504623,70e685ffa6042e6c851c4f1e821d774dfe7318d3eb212ac5bfc6a53ea23f3cfb,1,6b8378acab1c1c00
On_Time_Reporting_Carrier_On_Time_Performance_1987_present_2026_5.zip,2026,5,611735,31716693,4e7b96999440afec8c92dd23bfbc68a5852e14d9a56c3d0d366f884542ea80b3,1,6b8378acab1c1c00
On_Time_Reporting_Carrier_On_Time_Performance_1987_present_2026_6.zip,2026,6,607577,31606062,acd9d03e223e079e54b77065015f0ce9b6de92f1f46148048600cc9813a47a6e,1,6b8378acab1c1c00
On_Time_Reporting_Carrier_On_Time_Performance_1987_present_2026_7.zip,2026,7,631970,33075361,61d657eb17f5b6f800ed2f05262a2223c5edf66fe7d9cfb3598c6664a34ed0b6,1,6b8378acab1c1c00
