airport,latitude,longitude,name
ATL,33.6367,-84.4281,Hartsfield Jackson Atlanta International Airport
BOS,42.362,-71.0079,Boston Logan International Airport
BWI,39.1754,-76.6683,Baltimore/Washington International Thurgood Marshall Airport
CLT,35.214,-80.9431,Charlotte Douglas International Airport
DCA,38.8521,-77.0377,Ronald Reagan Washington National Airport
DEN,39.86,-104.6738,Denver International Airport
DFW,32.8968,-97.038,Dallas Fort Worth International Airport
DTW,42.2138,-83.3538,Detroit Metropolitan Wayne County Airport
EWR,40.6894,-74.1705,Newark Liberty International Airport
FLL,26.0726,-80.1527,Fort Lauderdale Hollywood International Airport
HNL,21.3184,-157.9257,Daniel K. Inouye International Airport
IAD,38.9445,-77.4558,Washington Dulles International Airport
IAH,29.9844,-95.3414,George Bush Intercontinental Airport
JFK,40.6394,-73.7793,John F. Kennedy International Airport
LAS,36.0834,-115.1518,Harry Reid International Airport
LAX,33.9425,-118.408,Los Angeles International Airport
LGA,40.7772,-73.8726,LaGuardia Airport
MCO,28.4294,-81.309,Orlando International Airport
MDW,41.786,-87.7524,Chicago Midway International Airport
MEM,35.0438,-89.9763,Frederick W. Smith International Airport
MIA,25.796,-80.2898,Miami International Airport
MSP,44.8801,-93.2217,Minneapolis–Saint Paul International Airport / Wold–Chamberlain Field
ORD,41.9786,-87.9048,Chicago O'Hare International Airport
PHL,39.8719,-75.2411,Philadelphia International Airport
PHX,33.4353,-112.0059,Phoenix Sky Harbor International Airport
SAN,32.7336,-117.19,San Diego International Airport
SEA,47.4479,-122.3103,Seattle–Tacoma International Airport
SFO,37.6198,-122.3748,San Francisco International Airport
SLC,40.7889,-111.9799,Salt Lake City International Airport
TPA,27.9755,-82.5332,Tampa International Airport
